фраза	URL	интент	тип	слов	оценка
агентство веб разработки	/	hub	base	3	ВЧ
веб студия	/	hub	base	2	ВЧ
компания по разработке сайтов	/	hub	base	4	СЧ
студия веб разработки	/	hub	base	3	ВЧ
студия разработки сайтов	/	hub	base	3	ВЧ
студия разработки сайтов в москве	/	hub	geo	5	НЧ
студия разработки сайтов и сервисов	/	hub	base	5	НЧ
студия разработки сайтов москва	/	hub	geo	4	СЧ
web студия	/	hub	base	2	ВЧ
как работает веб студия	/about/	hub	base	4	СЧ
о студии разработки сайтов	/about/	hub	base	4	СЧ
принципы работы студии разработки	/about/	hub	base	4	СЧ
контакты веб студии	/contacts/	hub	base	3	ВЧ
обсудить проект с разработчиками	/contacts/	hub	base	4	СЧ
оставить заявку на разработку сайта	/contacts/	hub	base	5	НЧ
связаться со студией разработки	/contacts/	hub	base	4	СЧ
веб студия работающая удаленно	/goroda/	hub	base	4	СЧ
разработка сайтов в регионах	/goroda/	hub	base	4	СЧ
разработка сайтов по россии	/goroda/	hub	base	4	СЧ
удаленная разработка сайтов	/goroda/	hub	base	3	ВЧ
автоматизация бизнес процессов в екатеринбурге	/goroda/ekaterinburg/	commercial	geo	5	НЧ
автоматизация бизнес процессов екатеринбург	/goroda/ekaterinburg/	commercial	geo	4	СЧ
автоматизация бизнес процессов цена екатеринбург	/goroda/ekaterinburg/	commercial	geo	5	НЧ
аудит сайта в екатеринбурге	/goroda/ekaterinburg/	commercial	geo	4	СЧ
аудит сайта екатеринбург	/goroda/ekaterinburg/	commercial	geo	3	СЧ
аудит сайта цена екатеринбург	/goroda/ekaterinburg/	commercial	geo	4	СЧ
доработка сайта в екатеринбурге	/goroda/ekaterinburg/	commercial	geo	4	СЧ
доработка сайта екатеринбург	/goroda/ekaterinburg/	commercial	geo	3	СЧ
доработка сайта цена екатеринбург	/goroda/ekaterinburg/	commercial	geo	4	СЧ
заказать автоматизацию бизнес процессов в екатеринбурге	/goroda/ekaterinburg/	commercial	geo	6	НЧ
заказать аудит сайта в екатеринбурге	/goroda/ekaterinburg/	commercial	geo	5	НЧ
заказать доработку сайта в екатеринбурге	/goroda/ekaterinburg/	commercial	geo	5	НЧ
заказать интеграцию 1с с сайтом в екатеринбурге	/goroda/ekaterinburg/	commercial	geo	7	НЧ
заказать интернет магазин в екатеринбурге	/goroda/ekaterinburg/	commercial	geo	5	НЧ
заказать корпоративный сайт в екатеринбурге	/goroda/ekaterinburg/	commercial	geo	5	НЧ
заказать лендинг в екатеринбурге	/goroda/ekaterinburg/	commercial	geo	4	СЧ
заказать мобильное приложение в екатеринбурге	/goroda/ekaterinburg/	commercial	geo	5	НЧ
заказать поддержку сайта в екатеринбурге	/goroda/ekaterinburg/	commercial	geo	5	НЧ
заказать разработку веб приложения в екатеринбурге	/goroda/ekaterinburg/	commercial	geo	6	НЧ
заказать разработку на битрикс в екатеринбурге	/goroda/ekaterinburg/	commercial	geo	6	НЧ
заказать разработку сайтов в екатеринбурге	/goroda/ekaterinburg/	commercial	geo	5	НЧ
заказать редизайн сайта в екатеринбурге	/goroda/ekaterinburg/	commercial	geo	5	НЧ
заказать сайт визитку в екатеринбурге	/goroda/ekaterinburg/	commercial	geo	5	НЧ
заказать ускорение сайта в екатеринбурге	/goroda/ekaterinburg/	commercial	geo	5	НЧ
интеграция 1с с сайтом в екатеринбурге	/goroda/ekaterinburg/	commercial	geo	6	НЧ
интеграция 1с с сайтом екатеринбург	/goroda/ekaterinburg/	commercial	geo	5	НЧ
интеграция 1с с сайтом цена екатеринбург	/goroda/ekaterinburg/	commercial	geo	6	НЧ
разработка веб приложения в екатеринбурге	/goroda/ekaterinburg/	commercial	geo	5	НЧ
разработка веб приложения екатеринбург	/goroda/ekaterinburg/	commercial	geo	4	СЧ
разработка веб приложения цена екатеринбург	/goroda/ekaterinburg/	commercial	geo	5	НЧ
разработка интернет магазина в екатеринбурге	/goroda/ekaterinburg/	commercial	geo	5	НЧ
разработка интернет магазина екатеринбург	/goroda/ekaterinburg/	commercial	geo	4	СЧ
разработка интернет магазина цена екатеринбург	/goroda/ekaterinburg/	commercial	geo	5	НЧ
разработка корпоративного сайта в екатеринбурге	/goroda/ekaterinburg/	commercial	geo	5	НЧ
разработка корпоративного сайта екатеринбург	/goroda/ekaterinburg/	commercial	geo	4	СЧ
разработка корпоративного сайта цена екатеринбург	/goroda/ekaterinburg/	commercial	geo	5	НЧ
разработка лендинга в екатеринбурге	/goroda/ekaterinburg/	commercial	geo	4	СЧ
разработка лендинга екатеринбург	/goroda/ekaterinburg/	commercial	geo	3	СЧ
разработка лендинга цена екатеринбург	/goroda/ekaterinburg/	commercial	geo	4	СЧ
разработка мобильного приложения в екатеринбурге	/goroda/ekaterinburg/	commercial	geo	5	НЧ
разработка мобильного приложения екатеринбург	/goroda/ekaterinburg/	commercial	geo	4	СЧ
разработка мобильного приложения цена екатеринбург	/goroda/ekaterinburg/	commercial	geo	5	НЧ
разработка на 1с битрикс в екатеринбурге	/goroda/ekaterinburg/	commercial	geo	6	НЧ
разработка на 1с битрикс екатеринбург	/goroda/ekaterinburg/	commercial	geo	5	НЧ
разработка на 1с битрикс цена екатеринбург	/goroda/ekaterinburg/	commercial	geo	6	НЧ
разработка сайтов в екатеринбурге	/goroda/ekaterinburg/	commercial	geo	4	СЧ
разработка сайтов екатеринбург	/goroda/ekaterinburg/	commercial	geo	3	СЧ
разработка сайтов цена екатеринбург	/goroda/ekaterinburg/	commercial	geo	4	СЧ
редизайн сайта в екатеринбурге	/goroda/ekaterinburg/	commercial	geo	4	СЧ
редизайн сайта екатеринбург	/goroda/ekaterinburg/	commercial	geo	3	СЧ
редизайн сайта цена екатеринбург	/goroda/ekaterinburg/	commercial	geo	4	СЧ
сколько стоит разработка сайта в екатеринбурге	/goroda/ekaterinburg/	mixed	geo	6	НЧ
сколько стоит разработка сайта екатеринбург	/goroda/ekaterinburg/	mixed	geo	5	НЧ
сколько стоит разработка сайта цена екатеринбург	/goroda/ekaterinburg/	mixed	geo	6	НЧ
создание сайта визитки в екатеринбурге	/goroda/ekaterinburg/	commercial	geo	5	НЧ
создание сайта визитки екатеринбург	/goroda/ekaterinburg/	commercial	geo	4	СЧ
создание сайта визитки цена екатеринбург	/goroda/ekaterinburg/	commercial	geo	5	НЧ
техническая поддержка сайта в екатеринбурге	/goroda/ekaterinburg/	commercial	geo	5	НЧ
техническая поддержка сайта екатеринбург	/goroda/ekaterinburg/	commercial	geo	4	СЧ
техническая поддержка сайта цена екатеринбург	/goroda/ekaterinburg/	commercial	geo	5	НЧ
ускорение сайта в екатеринбурге	/goroda/ekaterinburg/	commercial	geo	4	СЧ
ускорение сайта екатеринбург	/goroda/ekaterinburg/	commercial	geo	3	СЧ
ускорение сайта цена екатеринбург	/goroda/ekaterinburg/	commercial	geo	4	СЧ
автоматизация бизнес процессов в казани	/goroda/kazan/	commercial	geo	5	НЧ
автоматизация бизнес процессов казань	/goroda/kazan/	commercial	geo	4	СЧ
автоматизация бизнес процессов цена казань	/goroda/kazan/	commercial	geo	5	НЧ
аудит сайта в казани	/goroda/kazan/	commercial	geo	4	СЧ
аудит сайта казань	/goroda/kazan/	commercial	geo	3	СЧ
аудит сайта цена казань	/goroda/kazan/	commercial	geo	4	СЧ
доработка сайта в казани	/goroda/kazan/	commercial	geo	4	СЧ
доработка сайта казань	/goroda/kazan/	commercial	geo	3	СЧ
доработка сайта цена казань	/goroda/kazan/	commercial	geo	4	СЧ
заказать автоматизацию бизнес процессов в казани	/goroda/kazan/	commercial	geo	6	НЧ
заказать аудит сайта в казани	/goroda/kazan/	commercial	geo	5	НЧ
заказать доработку сайта в казани	/goroda/kazan/	commercial	geo	5	НЧ
заказать интеграцию 1с с сайтом в казани	/goroda/kazan/	commercial	geo	7	НЧ
заказать интернет магазин в казани	/goroda/kazan/	commercial	geo	5	НЧ
заказать корпоративный сайт в казани	/goroda/kazan/	commercial	geo	5	НЧ
заказать лендинг в казани	/goroda/kazan/	commercial	geo	4	СЧ
заказать мобильное приложение в казани	/goroda/kazan/	commercial	geo	5	НЧ
заказать поддержку сайта в казани	/goroda/kazan/	commercial	geo	5	НЧ
заказать разработку веб приложения в казани	/goroda/kazan/	commercial	geo	6	НЧ
заказать разработку на битрикс в казани	/goroda/kazan/	commercial	geo	6	НЧ
заказать разработку сайтов в казани	/goroda/kazan/	commercial	geo	5	НЧ
заказать редизайн сайта в казани	/goroda/kazan/	commercial	geo	5	НЧ
заказать сайт визитку в казани	/goroda/kazan/	commercial	geo	5	НЧ
заказать ускорение сайта в казани	/goroda/kazan/	commercial	geo	5	НЧ
интеграция 1с с сайтом в казани	/goroda/kazan/	commercial	geo	6	НЧ
интеграция 1с с сайтом казань	/goroda/kazan/	commercial	geo	5	НЧ
интеграция 1с с сайтом цена казань	/goroda/kazan/	commercial	geo	6	НЧ
разработка веб приложения в казани	/goroda/kazan/	commercial	geo	5	НЧ
разработка веб приложения казань	/goroda/kazan/	commercial	geo	4	СЧ
разработка веб приложения цена казань	/goroda/kazan/	commercial	geo	5	НЧ
разработка интернет магазина в казани	/goroda/kazan/	commercial	geo	5	НЧ
разработка интернет магазина казань	/goroda/kazan/	commercial	geo	4	СЧ
разработка интернет магазина цена казань	/goroda/kazan/	commercial	geo	5	НЧ
разработка корпоративного сайта в казани	/goroda/kazan/	commercial	geo	5	НЧ
разработка корпоративного сайта казань	/goroda/kazan/	commercial	geo	4	СЧ
разработка корпоративного сайта цена казань	/goroda/kazan/	commercial	geo	5	НЧ
разработка лендинга в казани	/goroda/kazan/	commercial	geo	4	СЧ
разработка лендинга казань	/goroda/kazan/	commercial	geo	3	СЧ
разработка лендинга цена казань	/goroda/kazan/	commercial	geo	4	СЧ
разработка мобильного приложения в казани	/goroda/kazan/	commercial	geo	5	НЧ
разработка мобильного приложения казань	/goroda/kazan/	commercial	geo	4	СЧ
разработка мобильного приложения цена казань	/goroda/kazan/	commercial	geo	5	НЧ
разработка на 1с битрикс в казани	/goroda/kazan/	commercial	geo	6	НЧ
разработка на 1с битрикс казань	/goroda/kazan/	commercial	geo	5	НЧ
разработка на 1с битрикс цена казань	/goroda/kazan/	commercial	geo	6	НЧ
разработка сайтов в казани	/goroda/kazan/	commercial	geo	4	СЧ
разработка сайтов казань	/goroda/kazan/	commercial	geo	3	СЧ
разработка сайтов цена казань	/goroda/kazan/	commercial	geo	4	СЧ
редизайн сайта в казани	/goroda/kazan/	commercial	geo	4	СЧ
редизайн сайта казань	/goroda/kazan/	commercial	geo	3	СЧ
редизайн сайта цена казань	/goroda/kazan/	commercial	geo	4	СЧ
сколько стоит разработка сайта в казани	/goroda/kazan/	mixed	geo	6	НЧ
сколько стоит разработка сайта казань	/goroda/kazan/	mixed	geo	5	НЧ
сколько стоит разработка сайта цена казань	/goroda/kazan/	mixed	geo	6	НЧ
создание сайта визитки в казани	/goroda/kazan/	commercial	geo	5	НЧ
создание сайта визитки казань	/goroda/kazan/	commercial	geo	4	СЧ
создание сайта визитки цена казань	/goroda/kazan/	commercial	geo	5	НЧ
техническая поддержка сайта в казани	/goroda/kazan/	commercial	geo	5	НЧ
техническая поддержка сайта казань	/goroda/kazan/	commercial	geo	4	СЧ
техническая поддержка сайта цена казань	/goroda/kazan/	commercial	geo	5	НЧ
ускорение сайта в казани	/goroda/kazan/	commercial	geo	4	СЧ
ускорение сайта казань	/goroda/kazan/	commercial	geo	3	СЧ
ускорение сайта цена казань	/goroda/kazan/	commercial	geo	4	СЧ
автоматизация бизнес процессов в краснодаре	/goroda/krasnodar/	commercial	geo	5	НЧ
автоматизация бизнес процессов краснодар	/goroda/krasnodar/	commercial	geo	4	СЧ
автоматизация бизнес процессов цена краснодар	/goroda/krasnodar/	commercial	geo	5	НЧ
аудит сайта в краснодаре	/goroda/krasnodar/	commercial	geo	4	СЧ
аудит сайта краснодар	/goroda/krasnodar/	commercial	geo	3	СЧ
аудит сайта цена краснодар	/goroda/krasnodar/	commercial	geo	4	СЧ
доработка сайта в краснодаре	/goroda/krasnodar/	commercial	geo	4	СЧ
доработка сайта краснодар	/goroda/krasnodar/	commercial	geo	3	СЧ
доработка сайта цена краснодар	/goroda/krasnodar/	commercial	geo	4	СЧ
заказать автоматизацию бизнес процессов в краснодаре	/goroda/krasnodar/	commercial	geo	6	НЧ
заказать аудит сайта в краснодаре	/goroda/krasnodar/	commercial	geo	5	НЧ
заказать доработку сайта в краснодаре	/goroda/krasnodar/	commercial	geo	5	НЧ
заказать интеграцию 1с с сайтом в краснодаре	/goroda/krasnodar/	commercial	geo	7	НЧ
заказать интернет магазин в краснодаре	/goroda/krasnodar/	commercial	geo	5	НЧ
заказать корпоративный сайт в краснодаре	/goroda/krasnodar/	commercial	geo	5	НЧ
заказать лендинг в краснодаре	/goroda/krasnodar/	commercial	geo	4	СЧ
заказать мобильное приложение в краснодаре	/goroda/krasnodar/	commercial	geo	5	НЧ
заказать поддержку сайта в краснодаре	/goroda/krasnodar/	commercial	geo	5	НЧ
заказать разработку веб приложения в краснодаре	/goroda/krasnodar/	commercial	geo	6	НЧ
заказать разработку на битрикс в краснодаре	/goroda/krasnodar/	commercial	geo	6	НЧ
заказать разработку сайтов в краснодаре	/goroda/krasnodar/	commercial	geo	5	НЧ
заказать редизайн сайта в краснодаре	/goroda/krasnodar/	commercial	geo	5	НЧ
заказать сайт визитку в краснодаре	/goroda/krasnodar/	commercial	geo	5	НЧ
заказать ускорение сайта в краснодаре	/goroda/krasnodar/	commercial	geo	5	НЧ
интеграция 1с с сайтом в краснодаре	/goroda/krasnodar/	commercial	geo	6	НЧ
интеграция 1с с сайтом краснодар	/goroda/krasnodar/	commercial	geo	5	НЧ
интеграция 1с с сайтом цена краснодар	/goroda/krasnodar/	commercial	geo	6	НЧ
разработка веб приложения в краснодаре	/goroda/krasnodar/	commercial	geo	5	НЧ
разработка веб приложения краснодар	/goroda/krasnodar/	commercial	geo	4	СЧ
разработка веб приложения цена краснодар	/goroda/krasnodar/	commercial	geo	5	НЧ
разработка интернет магазина в краснодаре	/goroda/krasnodar/	commercial	geo	5	НЧ
разработка интернет магазина краснодар	/goroda/krasnodar/	commercial	geo	4	СЧ
разработка интернет магазина цена краснодар	/goroda/krasnodar/	commercial	geo	5	НЧ
разработка корпоративного сайта в краснодаре	/goroda/krasnodar/	commercial	geo	5	НЧ
разработка корпоративного сайта краснодар	/goroda/krasnodar/	commercial	geo	4	СЧ
разработка корпоративного сайта цена краснодар	/goroda/krasnodar/	commercial	geo	5	НЧ
разработка лендинга в краснодаре	/goroda/krasnodar/	commercial	geo	4	СЧ
разработка лендинга краснодар	/goroda/krasnodar/	commercial	geo	3	СЧ
разработка лендинга цена краснодар	/goroda/krasnodar/	commercial	geo	4	СЧ
разработка мобильного приложения в краснодаре	/goroda/krasnodar/	commercial	geo	5	НЧ
разработка мобильного приложения краснодар	/goroda/krasnodar/	commercial	geo	4	СЧ
разработка мобильного приложения цена краснодар	/goroda/krasnodar/	commercial	geo	5	НЧ
разработка на 1с битрикс в краснодаре	/goroda/krasnodar/	commercial	geo	6	НЧ
разработка на 1с битрикс краснодар	/goroda/krasnodar/	commercial	geo	5	НЧ
разработка на 1с битрикс цена краснодар	/goroda/krasnodar/	commercial	geo	6	НЧ
разработка сайтов в краснодаре	/goroda/krasnodar/	commercial	geo	4	СЧ
разработка сайтов краснодар	/goroda/krasnodar/	commercial	geo	3	СЧ
разработка сайтов цена краснодар	/goroda/krasnodar/	commercial	geo	4	СЧ
редизайн сайта в краснодаре	/goroda/krasnodar/	commercial	geo	4	СЧ
редизайн сайта краснодар	/goroda/krasnodar/	commercial	geo	3	СЧ
редизайн сайта цена краснодар	/goroda/krasnodar/	commercial	geo	4	СЧ
сколько стоит разработка сайта в краснодаре	/goroda/krasnodar/	mixed	geo	6	НЧ
сколько стоит разработка сайта краснодар	/goroda/krasnodar/	mixed	geo	5	НЧ
сколько стоит разработка сайта цена краснодар	/goroda/krasnodar/	mixed	geo	6	НЧ
создание сайта визитки в краснодаре	/goroda/krasnodar/	commercial	geo	5	НЧ
создание сайта визитки краснодар	/goroda/krasnodar/	commercial	geo	4	СЧ
создание сайта визитки цена краснодар	/goroda/krasnodar/	commercial	geo	5	НЧ
техническая поддержка сайта в краснодаре	/goroda/krasnodar/	commercial	geo	5	НЧ
техническая поддержка сайта краснодар	/goroda/krasnodar/	commercial	geo	4	СЧ
техническая поддержка сайта цена краснодар	/goroda/krasnodar/	commercial	geo	5	НЧ
ускорение сайта в краснодаре	/goroda/krasnodar/	commercial	geo	4	СЧ
ускорение сайта краснодар	/goroda/krasnodar/	commercial	geo	3	СЧ
ускорение сайта цена краснодар	/goroda/krasnodar/	commercial	geo	4	СЧ
автоматизация бизнес процессов в нижнем новгороде	/goroda/nizhnij-novgorod/	commercial	geo	6	НЧ
автоматизация бизнес процессов нижний новгород	/goroda/nizhnij-novgorod/	commercial	geo	5	НЧ
автоматизация бизнес процессов цена нижний новгород	/goroda/nizhnij-novgorod/	commercial	geo	6	НЧ
аудит сайта в нижнем новгороде	/goroda/nizhnij-novgorod/	commercial	geo	5	НЧ
аудит сайта нижний новгород	/goroda/nizhnij-novgorod/	commercial	geo	4	СЧ
аудит сайта цена нижний новгород	/goroda/nizhnij-novgorod/	commercial	geo	5	НЧ
доработка сайта в нижнем новгороде	/goroda/nizhnij-novgorod/	commercial	geo	5	НЧ
доработка сайта нижний новгород	/goroda/nizhnij-novgorod/	commercial	geo	4	СЧ
доработка сайта цена нижний новгород	/goroda/nizhnij-novgorod/	commercial	geo	5	НЧ
заказать автоматизацию бизнес процессов в нижнем новгороде	/goroda/nizhnij-novgorod/	commercial	geo	7	НЧ
заказать аудит сайта в нижнем новгороде	/goroda/nizhnij-novgorod/	commercial	geo	6	НЧ
заказать доработку сайта в нижнем новгороде	/goroda/nizhnij-novgorod/	commercial	geo	6	НЧ
заказать интеграцию 1с с сайтом в нижнем новгороде	/goroda/nizhnij-novgorod/	commercial	geo	8	НЧ
заказать интернет магазин в нижнем новгороде	/goroda/nizhnij-novgorod/	commercial	geo	6	НЧ
заказать корпоративный сайт в нижнем новгороде	/goroda/nizhnij-novgorod/	commercial	geo	6	НЧ
заказать лендинг в нижнем новгороде	/goroda/nizhnij-novgorod/	commercial	geo	5	НЧ
заказать мобильное приложение в нижнем новгороде	/goroda/nizhnij-novgorod/	commercial	geo	6	НЧ
заказать поддержку сайта в нижнем новгороде	/goroda/nizhnij-novgorod/	commercial	geo	6	НЧ
заказать разработку веб приложения в нижнем новгороде	/goroda/nizhnij-novgorod/	commercial	geo	7	НЧ
заказать разработку на битрикс в нижнем новгороде	/goroda/nizhnij-novgorod/	commercial	geo	7	НЧ
заказать разработку сайтов в нижнем новгороде	/goroda/nizhnij-novgorod/	commercial	geo	6	НЧ
заказать редизайн сайта в нижнем новгороде	/goroda/nizhnij-novgorod/	commercial	geo	6	НЧ
заказать сайт визитку в нижнем новгороде	/goroda/nizhnij-novgorod/	commercial	geo	6	НЧ
заказать ускорение сайта в нижнем новгороде	/goroda/nizhnij-novgorod/	commercial	geo	6	НЧ
интеграция 1с с сайтом в нижнем новгороде	/goroda/nizhnij-novgorod/	commercial	geo	7	НЧ
интеграция 1с с сайтом нижний новгород	/goroda/nizhnij-novgorod/	commercial	geo	6	НЧ
интеграция 1с с сайтом цена нижний новгород	/goroda/nizhnij-novgorod/	commercial	geo	7	НЧ
разработка веб приложения в нижнем новгороде	/goroda/nizhnij-novgorod/	commercial	geo	6	НЧ
разработка веб приложения нижний новгород	/goroda/nizhnij-novgorod/	commercial	geo	5	НЧ
разработка веб приложения цена нижний новгород	/goroda/nizhnij-novgorod/	commercial	geo	6	НЧ
разработка интернет магазина в нижнем новгороде	/goroda/nizhnij-novgorod/	commercial	geo	6	НЧ
разработка интернет магазина нижний новгород	/goroda/nizhnij-novgorod/	commercial	geo	5	НЧ
разработка интернет магазина цена нижний новгород	/goroda/nizhnij-novgorod/	commercial	geo	6	НЧ
разработка корпоративного сайта в нижнем новгороде	/goroda/nizhnij-novgorod/	commercial	geo	6	НЧ
разработка корпоративного сайта нижний новгород	/goroda/nizhnij-novgorod/	commercial	geo	5	НЧ
разработка корпоративного сайта цена нижний новгород	/goroda/nizhnij-novgorod/	commercial	geo	6	НЧ
разработка лендинга в нижнем новгороде	/goroda/nizhnij-novgorod/	commercial	geo	5	НЧ
разработка лендинга нижний новгород	/goroda/nizhnij-novgorod/	commercial	geo	4	СЧ
разработка лендинга цена нижний новгород	/goroda/nizhnij-novgorod/	commercial	geo	5	НЧ
разработка мобильного приложения в нижнем новгороде	/goroda/nizhnij-novgorod/	commercial	geo	6	НЧ
разработка мобильного приложения нижний новгород	/goroda/nizhnij-novgorod/	commercial	geo	5	НЧ
разработка мобильного приложения цена нижний новгород	/goroda/nizhnij-novgorod/	commercial	geo	6	НЧ
разработка на 1с битрикс в нижнем новгороде	/goroda/nizhnij-novgorod/	commercial	geo	7	НЧ
разработка на 1с битрикс нижний новгород	/goroda/nizhnij-novgorod/	commercial	geo	6	НЧ
разработка на 1с битрикс цена нижний новгород	/goroda/nizhnij-novgorod/	commercial	geo	7	НЧ
разработка сайтов в нижнем новгороде	/goroda/nizhnij-novgorod/	commercial	geo	5	НЧ
разработка сайтов нижний новгород	/goroda/nizhnij-novgorod/	commercial	geo	4	СЧ
разработка сайтов цена нижний новгород	/goroda/nizhnij-novgorod/	commercial	geo	5	НЧ
редизайн сайта в нижнем новгороде	/goroda/nizhnij-novgorod/	commercial	geo	5	НЧ
редизайн сайта нижний новгород	/goroda/nizhnij-novgorod/	commercial	geo	4	СЧ
редизайн сайта цена нижний новгород	/goroda/nizhnij-novgorod/	commercial	geo	5	НЧ
сколько стоит разработка сайта в нижнем новгороде	/goroda/nizhnij-novgorod/	mixed	geo	7	НЧ
сколько стоит разработка сайта нижний новгород	/goroda/nizhnij-novgorod/	mixed	geo	6	НЧ
сколько стоит разработка сайта цена нижний новгород	/goroda/nizhnij-novgorod/	mixed	geo	7	НЧ
создание сайта визитки в нижнем новгороде	/goroda/nizhnij-novgorod/	commercial	geo	6	НЧ
создание сайта визитки нижний новгород	/goroda/nizhnij-novgorod/	commercial	geo	5	НЧ
создание сайта визитки цена нижний новгород	/goroda/nizhnij-novgorod/	commercial	geo	6	НЧ
техническая поддержка сайта в нижнем новгороде	/goroda/nizhnij-novgorod/	commercial	geo	6	НЧ
техническая поддержка сайта нижний новгород	/goroda/nizhnij-novgorod/	commercial	geo	5	НЧ
техническая поддержка сайта цена нижний новгород	/goroda/nizhnij-novgorod/	commercial	geo	6	НЧ
ускорение сайта в нижнем новгороде	/goroda/nizhnij-novgorod/	commercial	geo	5	НЧ
ускорение сайта нижний новгород	/goroda/nizhnij-novgorod/	commercial	geo	4	СЧ
ускорение сайта цена нижний новгород	/goroda/nizhnij-novgorod/	commercial	geo	5	НЧ
автоматизация бизнес процессов в новосибирске	/goroda/novosibirsk/	commercial	geo	5	НЧ
автоматизация бизнес процессов новосибирск	/goroda/novosibirsk/	commercial	geo	4	СЧ
автоматизация бизнес процессов цена новосибирск	/goroda/novosibirsk/	commercial	geo	5	НЧ
аудит сайта в новосибирске	/goroda/novosibirsk/	commercial	geo	4	СЧ
аудит сайта новосибирск	/goroda/novosibirsk/	commercial	geo	3	СЧ
аудит сайта цена новосибирск	/goroda/novosibirsk/	commercial	geo	4	СЧ
доработка сайта в новосибирске	/goroda/novosibirsk/	commercial	geo	4	СЧ
доработка сайта новосибирск	/goroda/novosibirsk/	commercial	geo	3	СЧ
доработка сайта цена новосибирск	/goroda/novosibirsk/	commercial	geo	4	СЧ
заказать автоматизацию бизнес процессов в новосибирске	/goroda/novosibirsk/	commercial	geo	6	НЧ
заказать аудит сайта в новосибирске	/goroda/novosibirsk/	commercial	geo	5	НЧ
заказать доработку сайта в новосибирске	/goroda/novosibirsk/	commercial	geo	5	НЧ
заказать интеграцию 1с с сайтом в новосибирске	/goroda/novosibirsk/	commercial	geo	7	НЧ
заказать интернет магазин в новосибирске	/goroda/novosibirsk/	commercial	geo	5	НЧ
заказать корпоративный сайт в новосибирске	/goroda/novosibirsk/	commercial	geo	5	НЧ
заказать лендинг в новосибирске	/goroda/novosibirsk/	commercial	geo	4	СЧ
заказать мобильное приложение в новосибирске	/goroda/novosibirsk/	commercial	geo	5	НЧ
заказать поддержку сайта в новосибирске	/goroda/novosibirsk/	commercial	geo	5	НЧ
заказать разработку веб приложения в новосибирске	/goroda/novosibirsk/	commercial	geo	6	НЧ
заказать разработку на битрикс в новосибирске	/goroda/novosibirsk/	commercial	geo	6	НЧ
заказать разработку сайтов в новосибирске	/goroda/novosibirsk/	commercial	geo	5	НЧ
заказать редизайн сайта в новосибирске	/goroda/novosibirsk/	commercial	geo	5	НЧ
заказать сайт визитку в новосибирске	/goroda/novosibirsk/	commercial	geo	5	НЧ
заказать ускорение сайта в новосибирске	/goroda/novosibirsk/	commercial	geo	5	НЧ
интеграция 1с с сайтом в новосибирске	/goroda/novosibirsk/	commercial	geo	6	НЧ
интеграция 1с с сайтом новосибирск	/goroda/novosibirsk/	commercial	geo	5	НЧ
интеграция 1с с сайтом цена новосибирск	/goroda/novosibirsk/	commercial	geo	6	НЧ
разработка веб приложения в новосибирске	/goroda/novosibirsk/	commercial	geo	5	НЧ
разработка веб приложения новосибирск	/goroda/novosibirsk/	commercial	geo	4	СЧ
разработка веб приложения цена новосибирск	/goroda/novosibirsk/	commercial	geo	5	НЧ
разработка интернет магазина в новосибирске	/goroda/novosibirsk/	commercial	geo	5	НЧ
разработка интернет магазина новосибирск	/goroda/novosibirsk/	commercial	geo	4	СЧ
разработка интернет магазина цена новосибирск	/goroda/novosibirsk/	commercial	geo	5	НЧ
разработка корпоративного сайта в новосибирске	/goroda/novosibirsk/	commercial	geo	5	НЧ
разработка корпоративного сайта новосибирск	/goroda/novosibirsk/	commercial	geo	4	СЧ
разработка корпоративного сайта цена новосибирск	/goroda/novosibirsk/	commercial	geo	5	НЧ
разработка лендинга в новосибирске	/goroda/novosibirsk/	commercial	geo	4	СЧ
разработка лендинга новосибирск	/goroda/novosibirsk/	commercial	geo	3	СЧ
разработка лендинга цена новосибирск	/goroda/novosibirsk/	commercial	geo	4	СЧ
разработка мобильного приложения в новосибирске	/goroda/novosibirsk/	commercial	geo	5	НЧ
разработка мобильного приложения новосибирск	/goroda/novosibirsk/	commercial	geo	4	СЧ
разработка мобильного приложения цена новосибирск	/goroda/novosibirsk/	commercial	geo	5	НЧ
разработка на 1с битрикс в новосибирске	/goroda/novosibirsk/	commercial	geo	6	НЧ
разработка на 1с битрикс новосибирск	/goroda/novosibirsk/	commercial	geo	5	НЧ
разработка на 1с битрикс цена новосибирск	/goroda/novosibirsk/	commercial	geo	6	НЧ
разработка сайтов в новосибирске	/goroda/novosibirsk/	commercial	geo	4	СЧ
разработка сайтов новосибирск	/goroda/novosibirsk/	commercial	geo	3	СЧ
разработка сайтов цена новосибирск	/goroda/novosibirsk/	commercial	geo	4	СЧ
редизайн сайта в новосибирске	/goroda/novosibirsk/	commercial	geo	4	СЧ
редизайн сайта новосибирск	/goroda/novosibirsk/	commercial	geo	3	СЧ
редизайн сайта цена новосибирск	/goroda/novosibirsk/	commercial	geo	4	СЧ
сколько стоит разработка сайта в новосибирске	/goroda/novosibirsk/	mixed	geo	6	НЧ
сколько стоит разработка сайта новосибирск	/goroda/novosibirsk/	mixed	geo	5	НЧ
сколько стоит разработка сайта цена новосибирск	/goroda/novosibirsk/	mixed	geo	6	НЧ
создание сайта визитки в новосибирске	/goroda/novosibirsk/	commercial	geo	5	НЧ
создание сайта визитки новосибирск	/goroda/novosibirsk/	commercial	geo	4	СЧ
создание сайта визитки цена новосибирск	/goroda/novosibirsk/	commercial	geo	5	НЧ
техническая поддержка сайта в новосибирске	/goroda/novosibirsk/	commercial	geo	5	НЧ
техническая поддержка сайта новосибирск	/goroda/novosibirsk/	commercial	geo	4	СЧ
техническая поддержка сайта цена новосибирск	/goroda/novosibirsk/	commercial	geo	5	НЧ
ускорение сайта в новосибирске	/goroda/novosibirsk/	commercial	geo	4	СЧ
ускорение сайта новосибирск	/goroda/novosibirsk/	commercial	geo	3	СЧ
ускорение сайта цена новосибирск	/goroda/novosibirsk/	commercial	geo	4	СЧ
автоматизация бизнес процессов в омске	/goroda/omsk/	commercial	geo	5	НЧ
автоматизация бизнес процессов омск	/goroda/omsk/	commercial	geo	4	СЧ
автоматизация бизнес процессов цена омск	/goroda/omsk/	commercial	geo	5	НЧ
аудит сайта в омске	/goroda/omsk/	commercial	geo	4	СЧ
аудит сайта омск	/goroda/omsk/	commercial	geo	3	СЧ
аудит сайта цена омск	/goroda/omsk/	commercial	geo	4	СЧ
доработка сайта в омске	/goroda/omsk/	commercial	geo	4	СЧ
доработка сайта омск	/goroda/omsk/	commercial	geo	3	СЧ
доработка сайта цена омск	/goroda/omsk/	commercial	geo	4	СЧ
заказать автоматизацию бизнес процессов в омске	/goroda/omsk/	commercial	geo	6	НЧ
заказать аудит сайта в омске	/goroda/omsk/	commercial	geo	5	НЧ
заказать доработку сайта в омске	/goroda/omsk/	commercial	geo	5	НЧ
заказать интеграцию 1с с сайтом в омске	/goroda/omsk/	commercial	geo	7	НЧ
заказать интернет магазин в омске	/goroda/omsk/	commercial	geo	5	НЧ
заказать корпоративный сайт в омске	/goroda/omsk/	commercial	geo	5	НЧ
заказать лендинг в омске	/goroda/omsk/	commercial	geo	4	СЧ
заказать мобильное приложение в омске	/goroda/omsk/	commercial	geo	5	НЧ
заказать поддержку сайта в омске	/goroda/omsk/	commercial	geo	5	НЧ
заказать разработку веб приложения в омске	/goroda/omsk/	commercial	geo	6	НЧ
заказать разработку на битрикс в омске	/goroda/omsk/	commercial	geo	6	НЧ
заказать разработку сайтов в омске	/goroda/omsk/	commercial	geo	5	НЧ
заказать редизайн сайта в омске	/goroda/omsk/	commercial	geo	5	НЧ
заказать сайт визитку в омске	/goroda/omsk/	commercial	geo	5	НЧ
заказать ускорение сайта в омске	/goroda/omsk/	commercial	geo	5	НЧ
интеграция 1с с сайтом в омске	/goroda/omsk/	commercial	geo	6	НЧ
интеграция 1с с сайтом омск	/goroda/omsk/	commercial	geo	5	НЧ
интеграция 1с с сайтом цена омск	/goroda/omsk/	commercial	geo	6	НЧ
разработка веб приложения в омске	/goroda/omsk/	commercial	geo	5	НЧ
разработка веб приложения омск	/goroda/omsk/	commercial	geo	4	СЧ
разработка веб приложения цена омск	/goroda/omsk/	commercial	geo	5	НЧ
разработка интернет магазина в омске	/goroda/omsk/	commercial	geo	5	НЧ
разработка интернет магазина омск	/goroda/omsk/	commercial	geo	4	СЧ
разработка интернет магазина цена омск	/goroda/omsk/	commercial	geo	5	НЧ
разработка корпоративного сайта в омске	/goroda/omsk/	commercial	geo	5	НЧ
разработка корпоративного сайта омск	/goroda/omsk/	commercial	geo	4	СЧ
разработка корпоративного сайта цена омск	/goroda/omsk/	commercial	geo	5	НЧ
разработка лендинга в омске	/goroda/omsk/	commercial	geo	4	СЧ
разработка лендинга омск	/goroda/omsk/	commercial	geo	3	СЧ
разработка лендинга цена омск	/goroda/omsk/	commercial	geo	4	СЧ
разработка мобильного приложения в омске	/goroda/omsk/	commercial	geo	5	НЧ
разработка мобильного приложения омск	/goroda/omsk/	commercial	geo	4	СЧ
разработка мобильного приложения цена омск	/goroda/omsk/	commercial	geo	5	НЧ
разработка на 1с битрикс в омске	/goroda/omsk/	commercial	geo	6	НЧ
разработка на 1с битрикс омск	/goroda/omsk/	commercial	geo	5	НЧ
разработка на 1с битрикс цена омск	/goroda/omsk/	commercial	geo	6	НЧ
разработка сайтов в омске	/goroda/omsk/	commercial	geo	4	СЧ
разработка сайтов омск	/goroda/omsk/	commercial	geo	3	СЧ
разработка сайтов цена омск	/goroda/omsk/	commercial	geo	4	СЧ
редизайн сайта в омске	/goroda/omsk/	commercial	geo	4	СЧ
редизайн сайта омск	/goroda/omsk/	commercial	geo	3	СЧ
редизайн сайта цена омск	/goroda/omsk/	commercial	geo	4	СЧ
сколько стоит разработка сайта в омске	/goroda/omsk/	mixed	geo	6	НЧ
сколько стоит разработка сайта омск	/goroda/omsk/	mixed	geo	5	НЧ
сколько стоит разработка сайта цена омск	/goroda/omsk/	mixed	geo	6	НЧ
создание сайта визитки в омске	/goroda/omsk/	commercial	geo	5	НЧ
создание сайта визитки омск	/goroda/omsk/	commercial	geo	4	СЧ
создание сайта визитки цена омск	/goroda/omsk/	commercial	geo	5	НЧ
техническая поддержка сайта в омске	/goroda/omsk/	commercial	geo	5	НЧ
техническая поддержка сайта омск	/goroda/omsk/	commercial	geo	4	СЧ
техническая поддержка сайта цена омск	/goroda/omsk/	commercial	geo	5	НЧ
ускорение сайта в омске	/goroda/omsk/	commercial	geo	4	СЧ
ускорение сайта омск	/goroda/omsk/	commercial	geo	3	СЧ
ускорение сайта цена омск	/goroda/omsk/	commercial	geo	4	СЧ
автоматизация бизнес процессов в спб	/goroda/sankt-peterburg/	commercial	geo	5	НЧ
автоматизация бизнес процессов спб	/goroda/sankt-peterburg/	commercial	geo	4	СЧ
автоматизация бизнес процессов цена спб	/goroda/sankt-peterburg/	commercial	geo	5	НЧ
аудит сайта в спб	/goroda/sankt-peterburg/	commercial	geo	4	СЧ
аудит сайта спб	/goroda/sankt-peterburg/	commercial	geo	3	СЧ
аудит сайта цена спб	/goroda/sankt-peterburg/	commercial	geo	4	СЧ
доработка сайта в спб	/goroda/sankt-peterburg/	commercial	geo	4	СЧ
доработка сайта спб	/goroda/sankt-peterburg/	commercial	geo	3	СЧ
доработка сайта цена спб	/goroda/sankt-peterburg/	commercial	geo	4	СЧ
заказать автоматизацию бизнес процессов в спб	/goroda/sankt-peterburg/	commercial	geo	6	НЧ
заказать аудит сайта в спб	/goroda/sankt-peterburg/	commercial	geo	5	НЧ
заказать доработку сайта в спб	/goroda/sankt-peterburg/	commercial	geo	5	НЧ
заказать интеграцию 1с с сайтом в спб	/goroda/sankt-peterburg/	commercial	geo	7	НЧ
заказать интернет магазин в спб	/goroda/sankt-peterburg/	commercial	geo	5	НЧ
заказать корпоративный сайт в спб	/goroda/sankt-peterburg/	commercial	geo	5	НЧ
заказать лендинг в спб	/goroda/sankt-peterburg/	commercial	geo	4	СЧ
заказать мобильное приложение в спб	/goroda/sankt-peterburg/	commercial	geo	5	НЧ
заказать поддержку сайта в спб	/goroda/sankt-peterburg/	commercial	geo	5	НЧ
заказать разработку веб приложения в спб	/goroda/sankt-peterburg/	commercial	geo	6	НЧ
заказать разработку на битрикс в спб	/goroda/sankt-peterburg/	commercial	geo	6	НЧ
заказать разработку сайтов в спб	/goroda/sankt-peterburg/	commercial	geo	5	НЧ
заказать редизайн сайта в спб	/goroda/sankt-peterburg/	commercial	geo	5	НЧ
заказать сайт визитку в спб	/goroda/sankt-peterburg/	commercial	geo	5	НЧ
заказать ускорение сайта в спб	/goroda/sankt-peterburg/	commercial	geo	5	НЧ
интеграция 1с с сайтом в спб	/goroda/sankt-peterburg/	commercial	geo	6	НЧ
интеграция 1с с сайтом спб	/goroda/sankt-peterburg/	commercial	geo	5	НЧ
интеграция 1с с сайтом цена спб	/goroda/sankt-peterburg/	commercial	geo	6	НЧ
разработка веб приложения в спб	/goroda/sankt-peterburg/	commercial	geo	5	НЧ
разработка веб приложения спб	/goroda/sankt-peterburg/	commercial	geo	4	СЧ
разработка веб приложения цена спб	/goroda/sankt-peterburg/	commercial	geo	5	НЧ
разработка интернет магазина в спб	/goroda/sankt-peterburg/	commercial	geo	5	НЧ
разработка интернет магазина спб	/goroda/sankt-peterburg/	commercial	geo	4	СЧ
разработка интернет магазина цена спб	/goroda/sankt-peterburg/	commercial	geo	5	НЧ
разработка корпоративного сайта в спб	/goroda/sankt-peterburg/	commercial	geo	5	НЧ
разработка корпоративного сайта спб	/goroda/sankt-peterburg/	commercial	geo	4	СЧ
разработка корпоративного сайта цена спб	/goroda/sankt-peterburg/	commercial	geo	5	НЧ
разработка лендинга в спб	/goroda/sankt-peterburg/	commercial	geo	4	СЧ
разработка лендинга спб	/goroda/sankt-peterburg/	commercial	geo	3	СЧ
разработка лендинга цена спб	/goroda/sankt-peterburg/	commercial	geo	4	СЧ
разработка мобильного приложения в спб	/goroda/sankt-peterburg/	commercial	geo	5	НЧ
разработка мобильного приложения спб	/goroda/sankt-peterburg/	commercial	geo	4	СЧ
разработка мобильного приложения цена спб	/goroda/sankt-peterburg/	commercial	geo	5	НЧ
разработка на 1с битрикс в спб	/goroda/sankt-peterburg/	commercial	geo	6	НЧ
разработка на 1с битрикс спб	/goroda/sankt-peterburg/	commercial	geo	5	НЧ
разработка на 1с битрикс цена спб	/goroda/sankt-peterburg/	commercial	geo	6	НЧ
разработка сайтов в спб	/goroda/sankt-peterburg/	commercial	geo	4	СЧ
разработка сайтов спб	/goroda/sankt-peterburg/	commercial	geo	3	СЧ
разработка сайтов цена спб	/goroda/sankt-peterburg/	commercial	geo	4	СЧ
редизайн сайта в спб	/goroda/sankt-peterburg/	commercial	geo	4	СЧ
редизайн сайта спб	/goroda/sankt-peterburg/	commercial	geo	3	СЧ
редизайн сайта цена спб	/goroda/sankt-peterburg/	commercial	geo	4	СЧ
сколько стоит разработка сайта в спб	/goroda/sankt-peterburg/	mixed	geo	6	НЧ
сколько стоит разработка сайта спб	/goroda/sankt-peterburg/	mixed	geo	5	НЧ
сколько стоит разработка сайта цена спб	/goroda/sankt-peterburg/	mixed	geo	6	НЧ
создание сайта визитки в спб	/goroda/sankt-peterburg/	commercial	geo	5	НЧ
создание сайта визитки спб	/goroda/sankt-peterburg/	commercial	geo	4	СЧ
создание сайта визитки цена спб	/goroda/sankt-peterburg/	commercial	geo	5	НЧ
техническая поддержка сайта в спб	/goroda/sankt-peterburg/	commercial	geo	5	НЧ
техническая поддержка сайта спб	/goroda/sankt-peterburg/	commercial	geo	4	СЧ
техническая поддержка сайта цена спб	/goroda/sankt-peterburg/	commercial	geo	5	НЧ
ускорение сайта в спб	/goroda/sankt-peterburg/	commercial	geo	4	СЧ
ускорение сайта спб	/goroda/sankt-peterburg/	commercial	geo	3	СЧ
ускорение сайта цена спб	/goroda/sankt-peterburg/	commercial	geo	4	СЧ
отраслевые решения для сайта	/otraslyam/	hub	base	4	СЧ
разработка сайтов по отраслям	/otraslyam/	hub	base	4	СЧ
сайт под специфику бизнеса	/otraslyam/	hub	base	4	СЧ
сайты для разных сфер бизнеса	/otraslyam/	hub	base	5	НЧ
заказать сайт для автосервиса	/otraslyam/avtoservis/	commercial	order	4	СЧ
заказать сайт для автосервиса недорого	/otraslyam/avtoservis/	commercial	order	5	НЧ
онлайн запись в автосервис на сайте	/otraslyam/avtoservis/	commercial	base	6	НЧ
онлайн запись в автосервис на сайте на заказ	/otraslyam/avtoservis/	commercial	order	8	НЧ
онлайн запись в автосервис на сайте стоимость	/otraslyam/avtoservis/	commercial	price	7	НЧ
онлайн запись в автосервис на сайте цена	/otraslyam/avtoservis/	commercial	price	7	НЧ
сайт для автосервиса	/otraslyam/avtoservis/	commercial	base	3	ВЧ
сайт для автосервиса агентство	/otraslyam/avtoservis/	commercial	vendor	4	НЧ
сайт для автосервиса компания	/otraslyam/avtoservis/	commercial	vendor	4	НЧ
сайт для автосервиса на заказ	/otraslyam/avtoservis/	commercial	order	5	НЧ
сайт для автосервиса недорого	/otraslyam/avtoservis/	commercial	price	4	СЧ
сайт для автосервиса отзывы	/otraslyam/avtoservis/	commercial	vendor	4	НЧ
сайт для автосервиса под ключ	/otraslyam/avtoservis/	commercial	base	5	НЧ
сайт для автосервиса срочно	/otraslyam/avtoservis/	commercial	order	4	СЧ
сайт для автосервиса стоимость	/otraslyam/avtoservis/	commercial	price	4	СЧ
сайт для автосервиса студия	/otraslyam/avtoservis/	commercial	vendor	4	НЧ
сайт для автосервиса цена	/otraslyam/avtoservis/	commercial	price	4	СЧ
сайт для сто разработка	/otraslyam/avtoservis/	commercial	base	4	СЧ
сайт для сто разработка на заказ	/otraslyam/avtoservis/	commercial	order	6	НЧ
сайт для сто разработка стоимость	/otraslyam/avtoservis/	commercial	price	5	НЧ
сайт для сто разработка цена	/otraslyam/avtoservis/	commercial	price	5	НЧ
сколько стоит сайт для автосервиса	/otraslyam/avtoservis/	commercial	price	5	НЧ
создание сайта автосервиса	/otraslyam/avtoservis/	commercial	base	3	ВЧ
создание сайта автосервиса на заказ	/otraslyam/avtoservis/	commercial	order	5	НЧ
создание сайта автосервиса стоимость	/otraslyam/avtoservis/	commercial	price	4	СЧ
создание сайта автосервиса цена	/otraslyam/avtoservis/	commercial	price	4	СЧ
заказать магазин автозапчастей	/otraslyam/avtozapchasti/	commercial	order	3	ВЧ
заказать магазин автозапчастей недорого	/otraslyam/avtozapchasti/	commercial	order	4	СЧ
интернет магазин автозапчастей	/otraslyam/avtozapchasti/	commercial	base	3	ВЧ
интернет магазин автозапчастей агентство	/otraslyam/avtozapchasti/	commercial	vendor	4	НЧ
интернет магазин автозапчастей компания	/otraslyam/avtozapchasti/	commercial	vendor	4	НЧ
интернет магазин автозапчастей на заказ	/otraslyam/avtozapchasti/	commercial	order	5	НЧ
интернет магазин автозапчастей недорого	/otraslyam/avtozapchasti/	commercial	price	4	СЧ
интернет магазин автозапчастей отзывы	/otraslyam/avtozapchasti/	commercial	vendor	4	НЧ
интернет магазин автозапчастей под ключ	/otraslyam/avtozapchasti/	commercial	base	5	НЧ
интернет магазин автозапчастей срочно	/otraslyam/avtozapchasti/	commercial	order	4	СЧ
интернет магазин автозапчастей стоимость	/otraslyam/avtozapchasti/	commercial	price	4	СЧ
интернет магазин автозапчастей студия	/otraslyam/avtozapchasti/	commercial	vendor	4	НЧ
интернет магазин автозапчастей цена	/otraslyam/avtozapchasti/	commercial	price	4	СЧ
каталог запчастей по vin	/otraslyam/avtozapchasti/	commercial	base	4	СЧ
каталог запчастей по vin на заказ	/otraslyam/avtozapchasti/	commercial	order	6	НЧ
каталог запчастей по vin стоимость	/otraslyam/avtozapchasti/	commercial	price	5	НЧ
каталог запчастей по vin цена	/otraslyam/avtozapchasti/	commercial	price	5	НЧ
подбор запчастей на сайте	/otraslyam/avtozapchasti/	commercial	base	4	СЧ
подбор запчастей на сайте на заказ	/otraslyam/avtozapchasti/	commercial	order	6	НЧ
подбор запчастей на сайте стоимость	/otraslyam/avtozapchasti/	commercial	price	5	НЧ
подбор запчастей на сайте цена	/otraslyam/avtozapchasti/	commercial	price	5	НЧ
сайт по продаже запчастей разработка	/otraslyam/avtozapchasti/	commercial	base	5	НЧ
сайт по продаже запчастей разработка на заказ	/otraslyam/avtozapchasti/	commercial	order	7	НЧ
сайт по продаже запчастей разработка стоимость	/otraslyam/avtozapchasti/	commercial	price	6	НЧ
сайт по продаже запчастей разработка цена	/otraslyam/avtozapchasti/	commercial	price	6	НЧ
сколько стоит интернет магазин автозапчастей	/otraslyam/avtozapchasti/	commercial	price	5	НЧ
заказать сайт для салона красоты	/otraslyam/beauty/	commercial	order	5	НЧ
заказать сайт для салона красоты недорого	/otraslyam/beauty/	commercial	order	6	НЧ
онлайн запись на сайте салона	/otraslyam/beauty/	commercial	base	5	НЧ
онлайн запись на сайте салона на заказ	/otraslyam/beauty/	commercial	order	7	НЧ
онлайн запись на сайте салона стоимость	/otraslyam/beauty/	commercial	price	6	НЧ
онлайн запись на сайте салона цена	/otraslyam/beauty/	commercial	price	6	НЧ
сайт барбершопа разработка	/otraslyam/beauty/	commercial	base	3	ВЧ
сайт барбершопа разработка на заказ	/otraslyam/beauty/	commercial	order	5	НЧ
сайт барбершопа разработка стоимость	/otraslyam/beauty/	commercial	price	4	СЧ
сайт барбершопа разработка цена	/otraslyam/beauty/	commercial	price	4	СЧ
сайт для салона красоты	/otraslyam/beauty/	commercial	base	4	СЧ
сайт для салона красоты агентство	/otraslyam/beauty/	commercial	vendor	5	НЧ
сайт для салона красоты компания	/otraslyam/beauty/	commercial	vendor	5	НЧ
сайт для салона красоты на заказ	/otraslyam/beauty/	commercial	order	6	НЧ
сайт для салона красоты недорого	/otraslyam/beauty/	commercial	price	5	НЧ
сайт для салона красоты отзывы	/otraslyam/beauty/	commercial	vendor	5	НЧ
сайт для салона красоты под ключ	/otraslyam/beauty/	commercial	base	6	НЧ
сайт для салона красоты срочно	/otraslyam/beauty/	commercial	order	5	НЧ
сайт для салона красоты стоимость	/otraslyam/beauty/	commercial	price	5	НЧ
сайт для салона красоты студия	/otraslyam/beauty/	commercial	vendor	5	НЧ
сайт для салона красоты цена	/otraslyam/beauty/	commercial	price	5	НЧ
сайт студии маникюра	/otraslyam/beauty/	commercial	base	3	ВЧ
сайт студии маникюра на заказ	/otraslyam/beauty/	commercial	order	5	НЧ
сайт студии маникюра стоимость	/otraslyam/beauty/	commercial	price	4	СЧ
сайт студии маникюра цена	/otraslyam/beauty/	commercial	price	4	СЧ
сколько стоит сайт для салона красоты	/otraslyam/beauty/	commercial	price	6	НЧ
заказать сайт для фитнес клуба	/otraslyam/fitnes/	commercial	order	5	НЧ
заказать сайт для фитнес клуба недорого	/otraslyam/fitnes/	commercial	order	6	НЧ
продажа абонементов на сайте	/otraslyam/fitnes/	commercial	base	4	СЧ
продажа абонементов на сайте на заказ	/otraslyam/fitnes/	commercial	order	6	НЧ
продажа абонементов на сайте стоимость	/otraslyam/fitnes/	commercial	price	5	НЧ
продажа абонементов на сайте цена	/otraslyam/fitnes/	commercial	price	5	НЧ
расписание тренировок на сайте	/otraslyam/fitnes/	commercial	base	4	СЧ
расписание тренировок на сайте на заказ	/otraslyam/fitnes/	commercial	order	6	НЧ
расписание тренировок на сайте стоимость	/otraslyam/fitnes/	commercial	price	5	НЧ
расписание тренировок на сайте цена	/otraslyam/fitnes/	commercial	price	5	НЧ
сайт для фитнес клуба	/otraslyam/fitnes/	commercial	base	4	СЧ
сайт для фитнес клуба агентство	/otraslyam/fitnes/	commercial	vendor	5	НЧ
сайт для фитнес клуба компания	/otraslyam/fitnes/	commercial	vendor	5	НЧ
сайт для фитнес клуба на заказ	/otraslyam/fitnes/	commercial	order	6	НЧ
сайт для фитнес клуба недорого	/otraslyam/fitnes/	commercial	price	5	НЧ
сайт для фитнес клуба отзывы	/otraslyam/fitnes/	commercial	vendor	5	НЧ
сайт для фитнес клуба под ключ	/otraslyam/fitnes/	commercial	base	6	НЧ
сайт для фитнес клуба срочно	/otraslyam/fitnes/	commercial	order	5	НЧ
сайт для фитнес клуба стоимость	/otraslyam/fitnes/	commercial	price	5	НЧ
сайт для фитнес клуба студия	/otraslyam/fitnes/	commercial	vendor	5	НЧ
сайт для фитнес клуба цена	/otraslyam/fitnes/	commercial	price	5	НЧ
сайт спортивного клуба разработка	/otraslyam/fitnes/	commercial	base	4	СЧ
сайт спортивного клуба разработка на заказ	/otraslyam/fitnes/	commercial	order	6	НЧ
сайт спортивного клуба разработка стоимость	/otraslyam/fitnes/	commercial	price	5	НЧ
сайт спортивного клуба разработка цена	/otraslyam/fitnes/	commercial	price	5	НЧ
сколько стоит сайт для фитнес клуба	/otraslyam/fitnes/	commercial	price	6	НЧ
заказать сайт для транспортной компании	/otraslyam/logistika/	commercial	order	5	НЧ
заказать сайт для транспортной компании недорого	/otraslyam/logistika/	commercial	order	6	НЧ
калькулятор доставки на сайте	/otraslyam/logistika/	commercial	base	4	СЧ
калькулятор доставки на сайте на заказ	/otraslyam/logistika/	commercial	order	6	НЧ
калькулятор доставки на сайте стоимость	/otraslyam/logistika/	commercial	price	5	НЧ
калькулятор доставки на сайте цена	/otraslyam/logistika/	commercial	price	5	НЧ
отслеживание груза на сайте	/otraslyam/logistika/	commercial	base	4	СЧ
отслеживание груза на сайте на заказ	/otraslyam/logistika/	commercial	order	6	НЧ
отслеживание груза на сайте стоимость	/otraslyam/logistika/	commercial	price	5	НЧ
отслеживание груза на сайте цена	/otraslyam/logistika/	commercial	price	5	НЧ
сайт для транспортной компании	/otraslyam/logistika/	commercial	base	4	СЧ
сайт для транспортной компании агентство	/otraslyam/logistika/	commercial	vendor	5	НЧ
сайт для транспортной компании компания	/otraslyam/logistika/	commercial	vendor	5	НЧ
сайт для транспортной компании на заказ	/otraslyam/logistika/	commercial	order	6	НЧ
сайт для транспортной компании недорого	/otraslyam/logistika/	commercial	price	5	НЧ
сайт для транспортной компании отзывы	/otraslyam/logistika/	commercial	vendor	5	НЧ
сайт для транспортной компании под ключ	/otraslyam/logistika/	commercial	base	6	НЧ
сайт для транспортной компании срочно	/otraslyam/logistika/	commercial	order	5	НЧ
сайт для транспортной компании стоимость	/otraslyam/logistika/	commercial	price	5	НЧ
сайт для транспортной компании студия	/otraslyam/logistika/	commercial	vendor	5	НЧ
сайт для транспортной компании цена	/otraslyam/logistika/	commercial	price	5	НЧ
сайт логистической компании разработка	/otraslyam/logistika/	commercial	base	4	СЧ
сайт логистической компании разработка на заказ	/otraslyam/logistika/	commercial	order	6	НЧ
сайт логистической компании разработка стоимость	/otraslyam/logistika/	commercial	price	5	НЧ
сайт логистической компании разработка цена	/otraslyam/logistika/	commercial	price	5	НЧ
сколько стоит сайт для транспортной компании	/otraslyam/logistika/	commercial	price	6	НЧ
заказать сайт для клиники	/otraslyam/medicina/	commercial	order	4	СЧ
заказать сайт для клиники недорого	/otraslyam/medicina/	commercial	order	5	НЧ
запись к врачу на сайте	/otraslyam/medicina/	commercial	base	5	НЧ
запись к врачу на сайте на заказ	/otraslyam/medicina/	commercial	order	7	НЧ
запись к врачу на сайте стоимость	/otraslyam/medicina/	commercial	price	6	НЧ
запись к врачу на сайте цена	/otraslyam/medicina/	commercial	price	6	НЧ
сайт для клиники	/otraslyam/medicina/	commercial	base	3	ВЧ
сайт для клиники агентство	/otraslyam/medicina/	commercial	vendor	4	НЧ
сайт для клиники компания	/otraslyam/medicina/	commercial	vendor	4	НЧ
сайт для клиники на заказ	/otraslyam/medicina/	commercial	order	5	НЧ
сайт для клиники недорого	/otraslyam/medicina/	commercial	price	4	СЧ
сайт для клиники отзывы	/otraslyam/medicina/	commercial	vendor	4	НЧ
сайт для клиники под ключ	/otraslyam/medicina/	commercial	base	5	НЧ
сайт для клиники срочно	/otraslyam/medicina/	commercial	order	4	СЧ
сайт для клиники стоимость	/otraslyam/medicina/	commercial	price	4	СЧ
сайт для клиники студия	/otraslyam/medicina/	commercial	vendor	4	НЧ
сайт для клиники цена	/otraslyam/medicina/	commercial	price	4	СЧ
сайт для медицинского центра	/otraslyam/medicina/	commercial	base	4	СЧ
сайт для медицинского центра на заказ	/otraslyam/medicina/	commercial	order	6	НЧ
сайт для медицинского центра стоимость	/otraslyam/medicina/	commercial	price	5	НЧ
сайт для медицинского центра цена	/otraslyam/medicina/	commercial	price	5	НЧ
сайт для стоматологии разработка	/otraslyam/medicina/	commercial	base	4	СЧ
сайт для стоматологии разработка на заказ	/otraslyam/medicina/	commercial	order	6	НЧ
сайт для стоматологии разработка стоимость	/otraslyam/medicina/	commercial	price	5	НЧ
сайт для стоматологии разработка цена	/otraslyam/medicina/	commercial	price	5	НЧ
сайт медцентра под ключ	/otraslyam/medicina/	commercial	base	4	СЧ
сайт медцентра под ключ на заказ	/otraslyam/medicina/	commercial	order	6	НЧ
сайт медцентра под ключ стоимость	/otraslyam/medicina/	commercial	price	5	НЧ
сайт медцентра под ключ цена	/otraslyam/medicina/	commercial	price	5	НЧ
сколько стоит сайт для клиники	/otraslyam/medicina/	commercial	price	5	НЧ
заказать сайт для застройщика	/otraslyam/nedvizhimost/	commercial	order	4	СЧ
заказать сайт для застройщика недорого	/otraslyam/nedvizhimost/	commercial	order	5	НЧ
каталог новостроек на сайте	/otraslyam/nedvizhimost/	commercial	base	4	СЧ
каталог новостроек на сайте на заказ	/otraslyam/nedvizhimost/	commercial	order	6	НЧ
каталог новостроек на сайте стоимость	/otraslyam/nedvizhimost/	commercial	price	5	НЧ
каталог новостроек на сайте цена	/otraslyam/nedvizhimost/	commercial	price	5	НЧ
сайт агентства недвижимости разработка	/otraslyam/nedvizhimost/	commercial	base	4	СЧ
сайт агентства недвижимости разработка на заказ	/otraslyam/nedvizhimost/	commercial	order	6	НЧ
сайт агентства недвижимости разработка стоимость	/otraslyam/nedvizhimost/	commercial	price	5	НЧ
сайт агентства недвижимости разработка цена	/otraslyam/nedvizhimost/	commercial	price	5	НЧ
сайт для застройщика	/otraslyam/nedvizhimost/	commercial	base	3	ВЧ
сайт для застройщика агентство	/otraslyam/nedvizhimost/	commercial	vendor	4	НЧ
сайт для застройщика компания	/otraslyam/nedvizhimost/	commercial	vendor	4	НЧ
сайт для застройщика на заказ	/otraslyam/nedvizhimost/	commercial	order	5	НЧ
сайт для застройщика недорого	/otraslyam/nedvizhimost/	commercial	price	4	СЧ
сайт для застройщика отзывы	/otraslyam/nedvizhimost/	commercial	vendor	4	НЧ
сайт для застройщика под ключ	/otraslyam/nedvizhimost/	commercial	base	5	НЧ
сайт для застройщика срочно	/otraslyam/nedvizhimost/	commercial	order	4	СЧ
сайт для застройщика стоимость	/otraslyam/nedvizhimost/	commercial	price	4	СЧ
сайт для застройщика студия	/otraslyam/nedvizhimost/	commercial	vendor	4	НЧ
сайт для застройщика цена	/otraslyam/nedvizhimost/	commercial	price	4	СЧ
сайт жилого комплекса разработка	/otraslyam/nedvizhimost/	commercial	base	4	СЧ
сайт жилого комплекса разработка на заказ	/otraslyam/nedvizhimost/	commercial	order	6	НЧ
сайт жилого комплекса разработка стоимость	/otraslyam/nedvizhimost/	commercial	price	5	НЧ
сайт жилого комплекса разработка цена	/otraslyam/nedvizhimost/	commercial	price	5	НЧ
сколько стоит сайт для застройщика	/otraslyam/nedvizhimost/	commercial	price	5	НЧ
шахматка квартир на сайте	/otraslyam/nedvizhimost/	commercial	base	4	СЧ
шахматка квартир на сайте на заказ	/otraslyam/nedvizhimost/	commercial	order	6	НЧ
шахматка квартир на сайте стоимость	/otraslyam/nedvizhimost/	commercial	price	5	НЧ
шахматка квартир на сайте цена	/otraslyam/nedvizhimost/	commercial	price	5	НЧ
заказать сайт для учебного центра	/otraslyam/obrazovanie/	commercial	order	5	НЧ
заказать сайт для учебного центра недорого	/otraslyam/obrazovanie/	commercial	order	6	НЧ
платформа для обучения разработка	/otraslyam/obrazovanie/	commercial	base	4	СЧ
платформа для обучения разработка на заказ	/otraslyam/obrazovanie/	commercial	order	6	НЧ
платформа для обучения разработка стоимость	/otraslyam/obrazovanie/	commercial	price	5	НЧ
платформа для обучения разработка цена	/otraslyam/obrazovanie/	commercial	price	5	НЧ
сайт для образовательного центра	/otraslyam/obrazovanie/	commercial	base	4	СЧ
сайт для образовательного центра агентство	/otraslyam/obrazovanie/	commercial	vendor	5	НЧ
сайт для образовательного центра компания	/otraslyam/obrazovanie/	commercial	vendor	5	НЧ
сайт для образовательного центра на заказ	/otraslyam/obrazovanie/	commercial	order	6	НЧ
сайт для образовательного центра недорого	/otraslyam/obrazovanie/	commercial	price	5	НЧ
сайт для образовательного центра отзывы	/otraslyam/obrazovanie/	commercial	vendor	5	НЧ
сайт для образовательного центра под ключ	/otraslyam/obrazovanie/	commercial	base	6	НЧ
сайт для образовательного центра срочно	/otraslyam/obrazovanie/	commercial	order	5	НЧ
сайт для образовательного центра стоимость	/otraslyam/obrazovanie/	commercial	price	5	НЧ
сайт для образовательного центра студия	/otraslyam/obrazovanie/	commercial	vendor	5	НЧ
сайт для образовательного центра цена	/otraslyam/obrazovanie/	commercial	price	5	НЧ
сайт онлайн школы разработка	/otraslyam/obrazovanie/	commercial	base	4	СЧ
сайт онлайн школы разработка на заказ	/otraslyam/obrazovanie/	commercial	order	6	НЧ
сайт онлайн школы разработка стоимость	/otraslyam/obrazovanie/	commercial	price	5	НЧ
сайт онлайн школы разработка цена	/otraslyam/obrazovanie/	commercial	price	5	НЧ
сколько стоит сайт для образовательного центра	/otraslyam/obrazovanie/	commercial	price	6	НЧ
lms на заказ	/otraslyam/obrazovanie/	commercial	base	3	ВЧ
lms на заказ стоимость	/otraslyam/obrazovanie/	commercial	price	4	СЧ
lms на заказ цена	/otraslyam/obrazovanie/	commercial	price	4	СЧ
заказать сайт для оптовой компании	/otraslyam/opt-i-distribuciya/	commercial	order	5	НЧ
заказать сайт для оптовой компании недорого	/otraslyam/opt-i-distribuciya/	commercial	order	6	НЧ
личный кабинет для оптовых клиентов	/otraslyam/opt-i-distribuciya/	commercial	base	5	НЧ
личный кабинет для оптовых клиентов на заказ	/otraslyam/opt-i-distribuciya/	commercial	order	7	НЧ
личный кабинет для оптовых клиентов стоимость	/otraslyam/opt-i-distribuciya/	commercial	price	6	НЧ
личный кабинет для оптовых клиентов цена	/otraslyam/opt-i-distribuciya/	commercial	price	6	НЧ
оптовый портал разработка	/otraslyam/opt-i-distribuciya/	commercial	base	3	ВЧ
оптовый портал разработка на заказ	/otraslyam/opt-i-distribuciya/	commercial	order	5	НЧ
оптовый портал разработка стоимость	/otraslyam/opt-i-distribuciya/	commercial	price	4	СЧ
оптовый портал разработка цена	/otraslyam/opt-i-distribuciya/	commercial	price	4	СЧ
сайт для оптовой компании	/otraslyam/opt-i-distribuciya/	commercial	base	4	СЧ
сайт для оптовой компании агентство	/otraslyam/opt-i-distribuciya/	commercial	vendor	5	НЧ
сайт для оптовой компании компания	/otraslyam/opt-i-distribuciya/	commercial	vendor	5	НЧ
сайт для оптовой компании на заказ	/otraslyam/opt-i-distribuciya/	commercial	order	6	НЧ
сайт для оптовой компании недорого	/otraslyam/opt-i-distribuciya/	commercial	price	5	НЧ
сайт для оптовой компании отзывы	/otraslyam/opt-i-distribuciya/	commercial	vendor	5	НЧ
сайт для оптовой компании под ключ	/otraslyam/opt-i-distribuciya/	commercial	base	6	НЧ
сайт для оптовой компании срочно	/otraslyam/opt-i-distribuciya/	commercial	order	5	НЧ
сайт для оптовой компании стоимость	/otraslyam/opt-i-distribuciya/	commercial	price	5	НЧ
сайт для оптовой компании студия	/otraslyam/opt-i-distribuciya/	commercial	vendor	5	НЧ
сайт для оптовой компании цена	/otraslyam/opt-i-distribuciya/	commercial	price	5	НЧ
сколько стоит сайт для оптовой компании	/otraslyam/opt-i-distribuciya/	commercial	price	6	НЧ
b2b сайт для дистрибьютора	/otraslyam/opt-i-distribuciya/	commercial	base	4	СЧ
b2b сайт для дистрибьютора на заказ	/otraslyam/opt-i-distribuciya/	commercial	order	6	НЧ
b2b сайт для дистрибьютора стоимость	/otraslyam/opt-i-distribuciya/	commercial	price	5	НЧ
b2b сайт для дистрибьютора цена	/otraslyam/opt-i-distribuciya/	commercial	price	5	НЧ
заказать сайт для производства	/otraslyam/proizvodstvo/	commercial	order	4	СЧ
заказать сайт для производства недорого	/otraslyam/proizvodstvo/	commercial	order	5	НЧ
каталог продукции на сайте производителя	/otraslyam/proizvodstvo/	commercial	base	5	НЧ
каталог продукции на сайте производителя на заказ	/otraslyam/proizvodstvo/	commercial	order	7	НЧ
каталог продукции на сайте производителя стоимость	/otraslyam/proizvodstvo/	commercial	price	6	НЧ
каталог продукции на сайте производителя цена	/otraslyam/proizvodstvo/	commercial	price	6	НЧ
сайт для производственной компании	/otraslyam/proizvodstvo/	commercial	base	4	СЧ
сайт для производственной компании агентство	/otraslyam/proizvodstvo/	commercial	vendor	5	НЧ
сайт для производственной компании компания	/otraslyam/proizvodstvo/	commercial	vendor	5	НЧ
сайт для производственной компании на заказ	/otraslyam/proizvodstvo/	commercial	order	6	НЧ
сайт для производственной компании недорого	/otraslyam/proizvodstvo/	commercial	price	5	НЧ
сайт для производственной компании отзывы	/otraslyam/proizvodstvo/	commercial	vendor	5	НЧ
сайт для производственной компании под ключ	/otraslyam/proizvodstvo/	commercial	base	6	НЧ
сайт для производственной компании срочно	/otraslyam/proizvodstvo/	commercial	order	5	НЧ
сайт для производственной компании стоимость	/otraslyam/proizvodstvo/	commercial	price	5	НЧ
сайт для производственной компании студия	/otraslyam/proizvodstvo/	commercial	vendor	5	НЧ
сайт для производственной компании цена	/otraslyam/proizvodstvo/	commercial	price	5	НЧ
сайт завода разработка	/otraslyam/proizvodstvo/	commercial	base	3	ВЧ
сайт завода разработка на заказ	/otraslyam/proizvodstvo/	commercial	order	5	НЧ
сайт завода разработка стоимость	/otraslyam/proizvodstvo/	commercial	price	4	СЧ
сайт завода разработка цена	/otraslyam/proizvodstvo/	commercial	price	4	СЧ
сайт производителя под ключ	/otraslyam/proizvodstvo/	commercial	base	4	СЧ
сайт производителя под ключ на заказ	/otraslyam/proizvodstvo/	commercial	order	6	НЧ
сайт производителя под ключ стоимость	/otraslyam/proizvodstvo/	commercial	price	5	НЧ
сайт производителя под ключ цена	/otraslyam/proizvodstvo/	commercial	price	5	НЧ
сколько стоит сайт для производственной компании	/otraslyam/proizvodstvo/	commercial	price	6	НЧ
заказать сайт для ресторана	/otraslyam/restorany/	commercial	order	4	СЧ
заказать сайт для ресторана недорого	/otraslyam/restorany/	commercial	order	5	НЧ
меню на сайте ресторана	/otraslyam/restorany/	commercial	base	4	СЧ
меню на сайте ресторана на заказ	/otraslyam/restorany/	commercial	order	6	НЧ
меню на сайте ресторана стоимость	/otraslyam/restorany/	commercial	price	5	НЧ
меню на сайте ресторана цена	/otraslyam/restorany/	commercial	price	5	НЧ
прием заказов на сайте кафе	/otraslyam/restorany/	commercial	base	5	НЧ
прием заказов на сайте кафе на заказ	/otraslyam/restorany/	commercial	order	7	НЧ
прием заказов на сайте кафе стоимость	/otraslyam/restorany/	commercial	price	6	НЧ
прием заказов на сайте кафе цена	/otraslyam/restorany/	commercial	price	6	НЧ
сайт для ресторана	/otraslyam/restorany/	commercial	base	3	ВЧ
сайт для ресторана агентство	/otraslyam/restorany/	commercial	vendor	4	НЧ
сайт для ресторана компания	/otraslyam/restorany/	commercial	vendor	4	НЧ
сайт для ресторана на заказ	/otraslyam/restorany/	commercial	order	5	НЧ
сайт для ресторана недорого	/otraslyam/restorany/	commercial	price	4	СЧ
сайт для ресторана отзывы	/otraslyam/restorany/	commercial	vendor	4	НЧ
сайт для ресторана под ключ	/otraslyam/restorany/	commercial	base	5	НЧ
сайт для ресторана срочно	/otraslyam/restorany/	commercial	order	4	СЧ
сайт для ресторана стоимость	/otraslyam/restorany/	commercial	price	4	СЧ
сайт для ресторана студия	/otraslyam/restorany/	commercial	vendor	4	НЧ
сайт для ресторана цена	/otraslyam/restorany/	commercial	price	4	СЧ
сайт доставки еды разработка	/otraslyam/restorany/	commercial	base	4	СЧ
сайт доставки еды разработка на заказ	/otraslyam/restorany/	commercial	order	6	НЧ
сайт доставки еды разработка стоимость	/otraslyam/restorany/	commercial	price	5	НЧ
сайт доставки еды разработка цена	/otraslyam/restorany/	commercial	price	5	НЧ
сайт кафе с доставкой	/otraslyam/restorany/	commercial	base	4	СЧ
сайт кафе с доставкой на заказ	/otraslyam/restorany/	commercial	order	6	НЧ
сайт кафе с доставкой стоимость	/otraslyam/restorany/	commercial	price	5	НЧ
сайт кафе с доставкой цена	/otraslyam/restorany/	commercial	price	5	НЧ
сколько стоит сайт для ресторана	/otraslyam/restorany/	commercial	price	5	НЧ
заказать сайт для юридической компании	/otraslyam/yuridicheskie-uslugi/	commercial	order	5	НЧ
заказать сайт для юридической компании недорого	/otraslyam/yuridicheskie-uslugi/	commercial	order	6	НЧ
сайт адвоката под ключ	/otraslyam/yuridicheskie-uslugi/	commercial	base	4	СЧ
сайт адвоката под ключ на заказ	/otraslyam/yuridicheskie-uslugi/	commercial	order	6	НЧ
сайт адвоката под ключ стоимость	/otraslyam/yuridicheskie-uslugi/	commercial	price	5	НЧ
сайт адвоката под ключ цена	/otraslyam/yuridicheskie-uslugi/	commercial	price	5	НЧ
сайт для юридической компании	/otraslyam/yuridicheskie-uslugi/	commercial	base	4	СЧ
сайт для юридической компании агентство	/otraslyam/yuridicheskie-uslugi/	commercial	vendor	5	НЧ
сайт для юридической компании компания	/otraslyam/yuridicheskie-uslugi/	commercial	vendor	5	НЧ
сайт для юридической компании на заказ	/otraslyam/yuridicheskie-uslugi/	commercial	order	6	НЧ
сайт для юридической компании недорого	/otraslyam/yuridicheskie-uslugi/	commercial	price	5	НЧ
сайт для юридической компании отзывы	/otraslyam/yuridicheskie-uslugi/	commercial	vendor	5	НЧ
сайт для юридической компании под ключ	/otraslyam/yuridicheskie-uslugi/	commercial	base	6	НЧ
сайт для юридической компании срочно	/otraslyam/yuridicheskie-uslugi/	commercial	order	5	НЧ
сайт для юридической компании стоимость	/otraslyam/yuridicheskie-uslugi/	commercial	price	5	НЧ
сайт для юридической компании студия	/otraslyam/yuridicheskie-uslugi/	commercial	vendor	5	НЧ
сайт для юридической компании цена	/otraslyam/yuridicheskie-uslugi/	commercial	price	5	НЧ
сайт юридических услуг	/otraslyam/yuridicheskie-uslugi/	commercial	base	3	ВЧ
сайт юридических услуг на заказ	/otraslyam/yuridicheskie-uslugi/	commercial	order	5	НЧ
сайт юридических услуг стоимость	/otraslyam/yuridicheskie-uslugi/	commercial	price	4	СЧ
сайт юридических услуг цена	/otraslyam/yuridicheskie-uslugi/	commercial	price	4	СЧ
сайт юриста разработка	/otraslyam/yuridicheskie-uslugi/	commercial	base	3	ВЧ
сайт юриста разработка на заказ	/otraslyam/yuridicheskie-uslugi/	commercial	order	5	НЧ
сайт юриста разработка стоимость	/otraslyam/yuridicheskie-uslugi/	commercial	price	4	СЧ
сайт юриста разработка цена	/otraslyam/yuridicheskie-uslugi/	commercial	price	4	СЧ
сколько стоит сайт для юридической компании	/otraslyam/yuridicheskie-uslugi/	commercial	price	6	НЧ
из чего складывается цена сайта	/stoimost/	mixed	base	5	НЧ
из чего складывается цена сайта на заказ	/stoimost/	mixed	order	7	НЧ
из чего складывается цена сайта стоимость	/stoimost/	mixed	price	6	НЧ
из чего складывается цена сайта цена	/stoimost/	mixed	price	6	НЧ
как оценивают разработку сайта	/stoimost/	mixed	base	4	СЧ
как оценивают разработку сайта на заказ	/stoimost/	mixed	order	6	НЧ
как оценивают разработку сайта стоимость	/stoimost/	mixed	price	5	НЧ
как оценивают разработку сайта цена	/stoimost/	mixed	price	5	НЧ
сколько стоит разработка сайта	/stoimost/	mixed	base	4	СЧ
сколько стоит разработка сайта агентство	/stoimost/	mixed	vendor	5	НЧ
сколько стоит разработка сайта в москве	/stoimost/	mixed	geo	6	НЧ
сколько стоит разработка сайта компания	/stoimost/	mixed	vendor	5	НЧ
сколько стоит разработка сайта москва	/stoimost/	mixed	geo	5	НЧ
сколько стоит разработка сайта на заказ	/stoimost/	mixed	order	6	НЧ
сколько стоит разработка сайта недорого	/stoimost/	mixed	price	5	НЧ
сколько стоит разработка сайта отзывы	/stoimost/	mixed	vendor	5	НЧ
сколько стоит разработка сайта под ключ	/stoimost/	mixed	base	6	НЧ
сколько стоит разработка сайта срочно	/stoimost/	mixed	order	5	НЧ
сколько стоит разработка сайта стоимость	/stoimost/	mixed	price	5	НЧ
сколько стоит разработка сайта студия	/stoimost/	mixed	vendor	5	НЧ
сколько стоит разработка сайта цена	/stoimost/	mixed	price	5	НЧ
сколько стоит разработка сайта цена москва	/stoimost/	mixed	geo	6	НЧ
сколько стоит сделать сайт	/stoimost/	mixed	base	4	СЧ
сколько стоит сделать сайт на заказ	/stoimost/	mixed	order	6	НЧ
сколько стоит сделать сайт стоимость	/stoimost/	mixed	price	5	НЧ
сколько стоит сделать сайт цена	/stoimost/	mixed	price	5	НЧ
сколько стоит сколько стоит разработка сайта	/stoimost/	mixed	price	6	НЧ
стоимость доработки сайта	/stoimost/	mixed	base	3	ВЧ
стоимость доработки сайта на заказ	/stoimost/	mixed	order	5	НЧ
стоимость доработки сайта стоимость	/stoimost/	mixed	price	4	СЧ
стоимость доработки сайта цена	/stoimost/	mixed	price	4	СЧ
стоимость разработки сайта	/stoimost/	mixed	base	3	ВЧ
стоимость разработки сайта в москве	/stoimost/	mixed	geo	5	НЧ
стоимость разработки сайта москва	/stoimost/	mixed	geo	4	СЧ
стоимость разработки сайта на заказ	/stoimost/	mixed	order	5	НЧ
стоимость разработки сайта стоимость	/stoimost/	mixed	price	4	СЧ
стоимость разработки сайта цена	/stoimost/	mixed	price	4	СЧ
стоимость разработки сайта цена москва	/stoimost/	mixed	geo	5	НЧ
стоимость создания сайта	/stoimost/	mixed	base	3	ВЧ
стоимость создания сайта на заказ	/stoimost/	mixed	order	5	НЧ
стоимость создания сайта стоимость	/stoimost/	mixed	price	4	СЧ
стоимость создания сайта цена	/stoimost/	mixed	price	4	СЧ
цена разработки сайта	/stoimost/	mixed	base	3	ВЧ
цена разработки сайта в москве	/stoimost/	mixed	geo	5	НЧ
цена разработки сайта москва	/stoimost/	mixed	geo	4	СЧ
цена разработки сайта на заказ	/stoimost/	mixed	order	5	НЧ
цена разработки сайта стоимость	/stoimost/	mixed	price	4	СЧ
цена разработки сайта цена	/stoimost/	mixed	price	4	СЧ
цена разработки сайта цена москва	/stoimost/	mixed	geo	5	НЧ
выбор технологии для сайта	/tehnologii/	hub	base	4	СЧ
какой движок выбрать для сайта	/tehnologii/	hub	base	5	НЧ
на чем разрабатывают сайты	/tehnologii/	hub	base	4	СЧ
стек веб разработки	/tehnologii/	hub	base	3	ВЧ
технологии разработки сайтов	/tehnologii/	hub	base	3	ВЧ
битрикс разработчик на заказ	/tehnologii/bitrix/	commercial	base	4	СЧ
битрикс разработчик на заказ стоимость	/tehnologii/bitrix/	commercial	price	5	НЧ
битрикс разработчик на заказ цена	/tehnologii/bitrix/	commercial	price	5	НЧ
доработка сайта на битрикс	/tehnologii/bitrix/	commercial	base	4	СЧ
доработка сайта на битрикс в москве	/tehnologii/bitrix/	commercial	geo	6	НЧ
доработка сайта на битрикс москва	/tehnologii/bitrix/	commercial	geo	5	НЧ
доработка сайта на битрикс на заказ	/tehnologii/bitrix/	commercial	order	6	НЧ
доработка сайта на битрикс стоимость	/tehnologii/bitrix/	commercial	price	5	НЧ
доработка сайта на битрикс цена	/tehnologii/bitrix/	commercial	price	5	НЧ
доработка сайта на битрикс цена москва	/tehnologii/bitrix/	commercial	geo	6	НЧ
заказать разработку на битрикс	/tehnologii/bitrix/	commercial	order	4	СЧ
заказать разработку на битрикс в москве	/tehnologii/bitrix/	commercial	geo	6	НЧ
заказать разработку на битрикс недорого	/tehnologii/bitrix/	commercial	order	5	НЧ
перенос сайта на битрикс	/tehnologii/bitrix/	commercial	base	4	СЧ
перенос сайта на битрикс на заказ	/tehnologii/bitrix/	commercial	order	6	НЧ
перенос сайта на битрикс стоимость	/tehnologii/bitrix/	commercial	price	5	НЧ
перенос сайта на битрикс цена	/tehnologii/bitrix/	commercial	price	5	НЧ
поддержка сайта на битрикс	/tehnologii/bitrix/	commercial	base	4	СЧ
поддержка сайта на битрикс на заказ	/tehnologii/bitrix/	commercial	order	6	НЧ
поддержка сайта на битрикс стоимость	/tehnologii/bitrix/	commercial	price	5	НЧ
поддержка сайта на битрикс цена	/tehnologii/bitrix/	commercial	price	5	НЧ
разработка на 1с битрикс	/tehnologii/bitrix/	commercial	base	4	СЧ
разработка на 1с битрикс агентство	/tehnologii/bitrix/	commercial	vendor	5	НЧ
разработка на 1с битрикс в москве	/tehnologii/bitrix/	commercial	geo	6	НЧ
разработка на 1с битрикс компания	/tehnologii/bitrix/	commercial	vendor	5	НЧ
разработка на 1с битрикс москва	/tehnologii/bitrix/	commercial	geo	5	НЧ
разработка на 1с битрикс на заказ	/tehnologii/bitrix/	commercial	order	6	НЧ
разработка на 1с битрикс недорого	/tehnologii/bitrix/	commercial	price	5	НЧ
разработка на 1с битрикс отзывы	/tehnologii/bitrix/	commercial	vendor	5	НЧ
разработка на 1с битрикс под ключ	/tehnologii/bitrix/	commercial	base	6	НЧ
разработка на 1с битрикс срочно	/tehnologii/bitrix/	commercial	order	5	НЧ
разработка на 1с битрикс стоимость	/tehnologii/bitrix/	commercial	price	5	НЧ
разработка на 1с битрикс студия	/tehnologii/bitrix/	commercial	vendor	5	НЧ
разработка на 1с битрикс цена	/tehnologii/bitrix/	commercial	price	5	НЧ
разработка на 1с битрикс цена москва	/tehnologii/bitrix/	commercial	geo	6	НЧ
сайт на битрикс	/tehnologii/bitrix/	commercial	base	3	ВЧ
сайт на битрикс в москве	/tehnologii/bitrix/	commercial	geo	5	НЧ
сайт на битрикс москва	/tehnologii/bitrix/	commercial	geo	4	СЧ
сайт на битрикс на заказ	/tehnologii/bitrix/	commercial	order	5	НЧ
сайт на битрикс стоимость	/tehnologii/bitrix/	commercial	price	4	СЧ
сайт на битрикс цена	/tehnologii/bitrix/	commercial	price	4	СЧ
сайт на битрикс цена москва	/tehnologii/bitrix/	commercial	geo	5	НЧ
сколько стоит разработка на 1с битрикс	/tehnologii/bitrix/	commercial	price	6	НЧ
доработка django проекта	/tehnologii/django/	commercial	base	3	ВЧ
доработка django проекта на заказ	/tehnologii/django/	commercial	order	5	НЧ
доработка django проекта стоимость	/tehnologii/django/	commercial	price	4	СЧ
доработка django проекта цена	/tehnologii/django/	commercial	price	4	СЧ
заказать разработку на django	/tehnologii/django/	commercial	order	4	СЧ
заказать разработку на django недорого	/tehnologii/django/	commercial	order	5	НЧ
разработка на django	/tehnologii/django/	commercial	base	3	ВЧ
разработка на django агентство	/tehnologii/django/	commercial	vendor	4	НЧ
разработка на django компания	/tehnologii/django/	commercial	vendor	4	НЧ
разработка на django на заказ	/tehnologii/django/	commercial	order	5	НЧ
разработка на django недорого	/tehnologii/django/	commercial	price	4	СЧ
разработка на django отзывы	/tehnologii/django/	commercial	vendor	4	НЧ
разработка на django под ключ	/tehnologii/django/	commercial	base	5	НЧ
разработка на django срочно	/tehnologii/django/	commercial	order	4	СЧ
разработка на django стоимость	/tehnologii/django/	commercial	price	4	СЧ
разработка на django студия	/tehnologii/django/	commercial	vendor	4	НЧ
разработка на django цена	/tehnologii/django/	commercial	price	4	СЧ
разработка на python на заказ	/tehnologii/django/	commercial	base	5	НЧ
разработка на python на заказ стоимость	/tehnologii/django/	commercial	price	6	НЧ
разработка на python на заказ цена	/tehnologii/django/	commercial	price	6	НЧ
сайт на python	/tehnologii/django/	commercial	base	3	ВЧ
сайт на python на заказ	/tehnologii/django/	commercial	order	5	НЧ
сайт на python стоимость	/tehnologii/django/	commercial	price	4	СЧ
сайт на python цена	/tehnologii/django/	commercial	price	4	СЧ
сколько стоит разработка на django	/tehnologii/django/	commercial	price	5	НЧ
django разработчик на заказ	/tehnologii/django/	commercial	base	4	СЧ
django разработчик на заказ стоимость	/tehnologii/django/	commercial	price	5	НЧ
django разработчик на заказ цена	/tehnologii/django/	commercial	price	5	НЧ
доработка сайта на laravel	/tehnologii/laravel/	commercial	base	4	СЧ
доработка сайта на laravel на заказ	/tehnologii/laravel/	commercial	order	6	НЧ
доработка сайта на laravel стоимость	/tehnologii/laravel/	commercial	price	5	НЧ
доработка сайта на laravel цена	/tehnologii/laravel/	commercial	price	5	НЧ
заказать разработку на laravel	/tehnologii/laravel/	commercial	order	4	СЧ
заказать разработку на laravel недорого	/tehnologii/laravel/	commercial	order	5	НЧ
поддержка laravel проекта	/tehnologii/laravel/	commercial	base	3	ВЧ
поддержка laravel проекта на заказ	/tehnologii/laravel/	commercial	order	5	НЧ
поддержка laravel проекта стоимость	/tehnologii/laravel/	commercial	price	4	СЧ
поддержка laravel проекта цена	/tehnologii/laravel/	commercial	price	4	СЧ
разработка на laravel	/tehnologii/laravel/	commercial	base	3	ВЧ
разработка на laravel агентство	/tehnologii/laravel/	commercial	vendor	4	НЧ
разработка на laravel компания	/tehnologii/laravel/	commercial	vendor	4	НЧ
разработка на laravel на заказ	/tehnologii/laravel/	commercial	order	5	НЧ
разработка на laravel недорого	/tehnologii/laravel/	commercial	price	4	СЧ
разработка на laravel отзывы	/tehnologii/laravel/	commercial	vendor	4	НЧ
разработка на laravel под ключ	/tehnologii/laravel/	commercial	base	5	НЧ
разработка на laravel срочно	/tehnologii/laravel/	commercial	order	4	СЧ
разработка на laravel стоимость	/tehnologii/laravel/	commercial	price	4	СЧ
разработка на laravel студия	/tehnologii/laravel/	commercial	vendor	4	НЧ
разработка на laravel цена	/tehnologii/laravel/	commercial	price	4	СЧ
сайт на laravel	/tehnologii/laravel/	commercial	base	3	ВЧ
сайт на laravel на заказ	/tehnologii/laravel/	commercial	order	5	НЧ
сайт на laravel стоимость	/tehnologii/laravel/	commercial	price	4	СЧ
сайт на laravel цена	/tehnologii/laravel/	commercial	price	4	СЧ
сколько стоит разработка на laravel	/tehnologii/laravel/	commercial	price	5	НЧ
laravel разработчик на заказ	/tehnologii/laravel/	commercial	base	4	СЧ
laravel разработчик на заказ стоимость	/tehnologii/laravel/	commercial	price	5	НЧ
laravel разработчик на заказ цена	/tehnologii/laravel/	commercial	price	5	НЧ
заказать разработку на next js	/tehnologii/nextjs/	commercial	order	5	НЧ
заказать разработку на next js недорого	/tehnologii/nextjs/	commercial	order	6	НЧ
перевести сайт на next js	/tehnologii/nextjs/	commercial	base	5	НЧ
перевести сайт на next js на заказ	/tehnologii/nextjs/	commercial	order	7	НЧ
перевести сайт на next js стоимость	/tehnologii/nextjs/	commercial	price	6	НЧ
перевести сайт на next js цена	/tehnologii/nextjs/	commercial	price	6	НЧ
разработка на next js	/tehnologii/nextjs/	commercial	base	4	СЧ
разработка на next js агентство	/tehnologii/nextjs/	commercial	vendor	5	НЧ
разработка на next js компания	/tehnologii/nextjs/	commercial	vendor	5	НЧ
разработка на next js на заказ	/tehnologii/nextjs/	commercial	order	6	НЧ
разработка на next js недорого	/tehnologii/nextjs/	commercial	price	5	НЧ
разработка на next js отзывы	/tehnologii/nextjs/	commercial	vendor	5	НЧ
разработка на next js под ключ	/tehnologii/nextjs/	commercial	base	6	НЧ
разработка на next js срочно	/tehnologii/nextjs/	commercial	order	5	НЧ
разработка на next js стоимость	/tehnologii/nextjs/	commercial	price	5	НЧ
разработка на next js студия	/tehnologii/nextjs/	commercial	vendor	5	НЧ
разработка на next js цена	/tehnologii/nextjs/	commercial	price	5	НЧ
сайт на nextjs	/tehnologii/nextjs/	commercial	base	3	ВЧ
сайт на nextjs на заказ	/tehnologii/nextjs/	commercial	order	5	НЧ
сайт на nextjs стоимость	/tehnologii/nextjs/	commercial	price	4	СЧ
сайт на nextjs цена	/tehnologii/nextjs/	commercial	price	4	СЧ
сколько стоит разработка на next js	/tehnologii/nextjs/	commercial	price	6	НЧ
nextjs разработчик на заказ	/tehnologii/nextjs/	commercial	base	4	СЧ
nextjs разработчик на заказ стоимость	/tehnologii/nextjs/	commercial	price	5	НЧ
nextjs разработчик на заказ цена	/tehnologii/nextjs/	commercial	price	5	НЧ
бэкенд на node js	/tehnologii/nodejs/	commercial	base	4	СЧ
бэкенд на node js на заказ	/tehnologii/nodejs/	commercial	order	6	НЧ
бэкенд на node js стоимость	/tehnologii/nodejs/	commercial	price	5	НЧ
бэкенд на node js цена	/tehnologii/nodejs/	commercial	price	5	НЧ
заказать разработку на node js	/tehnologii/nodejs/	commercial	order	5	НЧ
заказать разработку на node js недорого	/tehnologii/nodejs/	commercial	order	6	НЧ
разработка на node js	/tehnologii/nodejs/	commercial	base	4	СЧ
разработка на node js агентство	/tehnologii/nodejs/	commercial	vendor	5	НЧ
разработка на node js компания	/tehnologii/nodejs/	commercial	vendor	5	НЧ
разработка на node js на заказ	/tehnologii/nodejs/	commercial	order	6	НЧ
разработка на node js недорого	/tehnologii/nodejs/	commercial	price	5	НЧ
разработка на node js отзывы	/tehnologii/nodejs/	commercial	vendor	5	НЧ
разработка на node js под ключ	/tehnologii/nodejs/	commercial	base	6	НЧ
разработка на node js срочно	/tehnologii/nodejs/	commercial	order	5	НЧ
разработка на node js стоимость	/tehnologii/nodejs/	commercial	price	5	НЧ
разработка на node js студия	/tehnologii/nodejs/	commercial	vendor	5	НЧ
разработка на node js цена	/tehnologii/nodejs/	commercial	price	5	НЧ
сервис на node js разработка	/tehnologii/nodejs/	commercial	base	5	НЧ
сервис на node js разработка на заказ	/tehnologii/nodejs/	commercial	order	7	НЧ
сервис на node js разработка стоимость	/tehnologii/nodejs/	commercial	price	6	НЧ
сервис на node js разработка цена	/tehnologii/nodejs/	commercial	price	6	НЧ
сколько стоит разработка на node js	/tehnologii/nodejs/	commercial	price	6	НЧ
node js разработчик на заказ	/tehnologii/nodejs/	commercial	base	5	НЧ
node js разработчик на заказ стоимость	/tehnologii/nodejs/	commercial	price	6	НЧ
node js разработчик на заказ цена	/tehnologii/nodejs/	commercial	price	6	НЧ
заказать разработку на nuxt	/tehnologii/nuxt/	commercial	order	4	СЧ
заказать разработку на nuxt недорого	/tehnologii/nuxt/	commercial	order	5	НЧ
разработка на nuxt	/tehnologii/nuxt/	commercial	base	3	ВЧ
разработка на nuxt агентство	/tehnologii/nuxt/	commercial	vendor	4	НЧ
разработка на nuxt компания	/tehnologii/nuxt/	commercial	vendor	4	НЧ
разработка на nuxt на заказ	/tehnologii/nuxt/	commercial	order	5	НЧ
разработка на nuxt недорого	/tehnologii/nuxt/	commercial	price	4	СЧ
разработка на nuxt отзывы	/tehnologii/nuxt/	commercial	vendor	4	НЧ
разработка на nuxt под ключ	/tehnologii/nuxt/	commercial	base	5	НЧ
разработка на nuxt срочно	/tehnologii/nuxt/	commercial	order	4	СЧ
разработка на nuxt стоимость	/tehnologii/nuxt/	commercial	price	4	СЧ
разработка на nuxt студия	/tehnologii/nuxt/	commercial	vendor	4	НЧ
разработка на nuxt цена	/tehnologii/nuxt/	commercial	price	4	СЧ
сайт на nuxt	/tehnologii/nuxt/	commercial	base	3	ВЧ
сайт на nuxt на заказ	/tehnologii/nuxt/	commercial	order	5	НЧ
сайт на nuxt стоимость	/tehnologii/nuxt/	commercial	price	4	СЧ
сайт на nuxt цена	/tehnologii/nuxt/	commercial	price	4	СЧ
сколько стоит разработка на nuxt	/tehnologii/nuxt/	commercial	price	5	НЧ
nuxt разработчик на заказ	/tehnologii/nuxt/	commercial	base	4	СЧ
nuxt разработчик на заказ стоимость	/tehnologii/nuxt/	commercial	price	5	НЧ
nuxt разработчик на заказ цена	/tehnologii/nuxt/	commercial	price	5	НЧ
доработка php сайта	/tehnologii/php/	commercial	base	3	ВЧ
доработка php сайта на заказ	/tehnologii/php/	commercial	order	5	НЧ
доработка php сайта стоимость	/tehnologii/php/	commercial	price	4	СЧ
доработка php сайта цена	/tehnologii/php/	commercial	price	4	СЧ
заказать разработку на php	/tehnologii/php/	commercial	order	4	СЧ
заказать разработку на php недорого	/tehnologii/php/	commercial	order	5	НЧ
поддержка legacy php проекта	/tehnologii/php/	commercial	base	4	СЧ
поддержка legacy php проекта на заказ	/tehnologii/php/	commercial	order	6	НЧ
поддержка legacy php проекта стоимость	/tehnologii/php/	commercial	price	5	НЧ
поддержка legacy php проекта цена	/tehnologii/php/	commercial	price	5	НЧ
разработка на php	/tehnologii/php/	commercial	base	3	ВЧ
разработка на php агентство	/tehnologii/php/	commercial	vendor	4	НЧ
разработка на php компания	/tehnologii/php/	commercial	vendor	4	НЧ
разработка на php на заказ	/tehnologii/php/	commercial	order	5	НЧ
разработка на php недорого	/tehnologii/php/	commercial	price	4	СЧ
разработка на php отзывы	/tehnologii/php/	commercial	vendor	4	НЧ
разработка на php под ключ	/tehnologii/php/	commercial	base	5	НЧ
разработка на php срочно	/tehnologii/php/	commercial	order	4	СЧ
разработка на php стоимость	/tehnologii/php/	commercial	price	4	СЧ
разработка на php студия	/tehnologii/php/	commercial	vendor	4	НЧ
разработка на php цена	/tehnologii/php/	commercial	price	4	СЧ
самописный php сайт доработка	/tehnologii/php/	commercial	base	4	СЧ
самописный php сайт доработка на заказ	/tehnologii/php/	commercial	order	6	НЧ
самописный php сайт доработка стоимость	/tehnologii/php/	commercial	price	5	НЧ
самописный php сайт доработка цена	/tehnologii/php/	commercial	price	5	НЧ
сколько стоит разработка на php	/tehnologii/php/	commercial	price	5	НЧ
php разработчик на заказ	/tehnologii/php/	commercial	base	4	СЧ
php разработчик на заказ стоимость	/tehnologii/php/	commercial	price	5	НЧ
php разработчик на заказ цена	/tehnologii/php/	commercial	price	5	НЧ
доработка проекта на react	/tehnologii/react/	commercial	base	4	СЧ
доработка проекта на react на заказ	/tehnologii/react/	commercial	order	6	НЧ
доработка проекта на react стоимость	/tehnologii/react/	commercial	price	5	НЧ
доработка проекта на react цена	/tehnologii/react/	commercial	price	5	НЧ
заказать разработку на react	/tehnologii/react/	commercial	order	4	СЧ
заказать разработку на react недорого	/tehnologii/react/	commercial	order	5	НЧ
приложение на react разработка	/tehnologii/react/	commercial	base	4	СЧ
приложение на react разработка на заказ	/tehnologii/react/	commercial	order	6	НЧ
приложение на react разработка стоимость	/tehnologii/react/	commercial	price	5	НЧ
приложение на react разработка цена	/tehnologii/react/	commercial	price	5	НЧ
разработка на react	/tehnologii/react/	commercial	base	3	ВЧ
разработка на react агентство	/tehnologii/react/	commercial	vendor	4	НЧ
разработка на react компания	/tehnologii/react/	commercial	vendor	4	НЧ
разработка на react на заказ	/tehnologii/react/	commercial	order	5	НЧ
разработка на react недорого	/tehnologii/react/	commercial	price	4	СЧ
разработка на react отзывы	/tehnologii/react/	commercial	vendor	4	НЧ
разработка на react под ключ	/tehnologii/react/	commercial	base	5	НЧ
разработка на react срочно	/tehnologii/react/	commercial	order	4	СЧ
разработка на react стоимость	/tehnologii/react/	commercial	price	4	СЧ
разработка на react студия	/tehnologii/react/	commercial	vendor	4	НЧ
разработка на react цена	/tehnologii/react/	commercial	price	4	СЧ
сайт на реакте	/tehnologii/react/	commercial	base	3	ВЧ
сайт на реакте на заказ	/tehnologii/react/	commercial	order	5	НЧ
сайт на реакте стоимость	/tehnologii/react/	commercial	price	4	СЧ
сайт на реакте цена	/tehnologii/react/	commercial	price	4	СЧ
сколько стоит разработка на react	/tehnologii/react/	commercial	price	5	НЧ
react разработчик на заказ	/tehnologii/react/	commercial	base	4	СЧ
react разработчик на заказ стоимость	/tehnologii/react/	commercial	price	5	НЧ
react разработчик на заказ цена	/tehnologii/react/	commercial	price	5	НЧ
доработка сайта на тильде	/tehnologii/tilda/	commercial	base	4	СЧ
доработка сайта на тильде на заказ	/tehnologii/tilda/	commercial	order	6	НЧ
доработка сайта на тильде стоимость	/tehnologii/tilda/	commercial	price	5	НЧ
доработка сайта на тильде цена	/tehnologii/tilda/	commercial	price	5	НЧ
заказать сайт на tilda	/tehnologii/tilda/	commercial	order	4	СЧ
заказать сайт на tilda недорого	/tehnologii/tilda/	commercial	order	5	НЧ
разработка на tilda	/tehnologii/tilda/	commercial	base	3	ВЧ
разработка на tilda агентство	/tehnologii/tilda/	commercial	vendor	4	НЧ
разработка на tilda компания	/tehnologii/tilda/	commercial	vendor	4	НЧ
разработка на tilda на заказ	/tehnologii/tilda/	commercial	order	5	НЧ
разработка на tilda недорого	/tehnologii/tilda/	commercial	price	4	СЧ
разработка на tilda отзывы	/tehnologii/tilda/	commercial	vendor	4	НЧ
разработка на tilda под ключ	/tehnologii/tilda/	commercial	base	5	НЧ
разработка на tilda срочно	/tehnologii/tilda/	commercial	order	4	СЧ
разработка на tilda стоимость	/tehnologii/tilda/	commercial	price	4	СЧ
разработка на tilda студия	/tehnologii/tilda/	commercial	vendor	4	НЧ
разработка на tilda цена	/tehnologii/tilda/	commercial	price	4	СЧ
сколько стоит разработка на tilda	/tehnologii/tilda/	commercial	price	5	НЧ
тильда разработчик на заказ	/tehnologii/tilda/	commercial	base	4	СЧ
тильда разработчик на заказ стоимость	/tehnologii/tilda/	commercial	price	5	НЧ
тильда разработчик на заказ цена	/tehnologii/tilda/	commercial	price	5	НЧ
zero block верстка на заказ	/tehnologii/tilda/	commercial	base	5	НЧ
zero block верстка на заказ стоимость	/tehnologii/tilda/	commercial	price	6	НЧ
zero block верстка на заказ цена	/tehnologii/tilda/	commercial	price	6	НЧ
заказать разработку на vue	/tehnologii/vue/	commercial	order	4	СЧ
заказать разработку на vue недорого	/tehnologii/vue/	commercial	order	5	НЧ
приложение на vue разработка	/tehnologii/vue/	commercial	base	4	СЧ
приложение на vue разработка на заказ	/tehnologii/vue/	commercial	order	6	НЧ
приложение на vue разработка стоимость	/tehnologii/vue/	commercial	price	5	НЧ
приложение на vue разработка цена	/tehnologii/vue/	commercial	price	5	НЧ
разработка на vue	/tehnologii/vue/	commercial	base	3	ВЧ
разработка на vue агентство	/tehnologii/vue/	commercial	vendor	4	НЧ
разработка на vue компания	/tehnologii/vue/	commercial	vendor	4	НЧ
разработка на vue на заказ	/tehnologii/vue/	commercial	order	5	НЧ
разработка на vue недорого	/tehnologii/vue/	commercial	price	4	СЧ
разработка на vue отзывы	/tehnologii/vue/	commercial	vendor	4	НЧ
разработка на vue под ключ	/tehnologii/vue/	commercial	base	5	НЧ
разработка на vue срочно	/tehnologii/vue/	commercial	order	4	СЧ
разработка на vue стоимость	/tehnologii/vue/	commercial	price	4	СЧ
разработка на vue студия	/tehnologii/vue/	commercial	vendor	4	НЧ
разработка на vue цена	/tehnologii/vue/	commercial	price	4	СЧ
сайт на vue	/tehnologii/vue/	commercial	base	3	ВЧ
сайт на vue на заказ	/tehnologii/vue/	commercial	order	5	НЧ
сайт на vue стоимость	/tehnologii/vue/	commercial	price	4	СЧ
сайт на vue цена	/tehnologii/vue/	commercial	price	4	СЧ
сколько стоит разработка на vue	/tehnologii/vue/	commercial	price	5	НЧ
vue разработчик на заказ	/tehnologii/vue/	commercial	base	4	СЧ
vue разработчик на заказ стоимость	/tehnologii/vue/	commercial	price	5	НЧ
vue разработчик на заказ цена	/tehnologii/vue/	commercial	price	5	НЧ
доработка сайта на wordpress	/tehnologii/wordpress/	commercial	base	4	СЧ
доработка сайта на wordpress на заказ	/tehnologii/wordpress/	commercial	order	6	НЧ
доработка сайта на wordpress стоимость	/tehnologii/wordpress/	commercial	price	5	НЧ
доработка сайта на wordpress цена	/tehnologii/wordpress/	commercial	price	5	НЧ
заказать разработку на wordpress	/tehnologii/wordpress/	commercial	order	4	СЧ
заказать разработку на wordpress недорого	/tehnologii/wordpress/	commercial	order	5	НЧ
поддержка wordpress сайта	/tehnologii/wordpress/	commercial	base	3	ВЧ
поддержка wordpress сайта на заказ	/tehnologii/wordpress/	commercial	order	5	НЧ
поддержка wordpress сайта стоимость	/tehnologii/wordpress/	commercial	price	4	СЧ
поддержка wordpress сайта цена	/tehnologii/wordpress/	commercial	price	4	СЧ
разработка на wordpress	/tehnologii/wordpress/	commercial	base	3	ВЧ
разработка на wordpress агентство	/tehnologii/wordpress/	commercial	vendor	4	НЧ
разработка на wordpress компания	/tehnologii/wordpress/	commercial	vendor	4	НЧ
разработка на wordpress на заказ	/tehnologii/wordpress/	commercial	order	5	НЧ
разработка на wordpress недорого	/tehnologii/wordpress/	commercial	price	4	СЧ
разработка на wordpress отзывы	/tehnologii/wordpress/	commercial	vendor	4	НЧ
разработка на wordpress под ключ	/tehnologii/wordpress/	commercial	base	5	НЧ
разработка на wordpress срочно	/tehnologii/wordpress/	commercial	order	4	СЧ
разработка на wordpress стоимость	/tehnologii/wordpress/	commercial	price	4	СЧ
разработка на wordpress студия	/tehnologii/wordpress/	commercial	vendor	4	НЧ
разработка на wordpress цена	/tehnologii/wordpress/	commercial	price	4	СЧ
сайт на вордпресс	/tehnologii/wordpress/	commercial	base	3	ВЧ
сайт на вордпресс на заказ	/tehnologii/wordpress/	commercial	order	5	НЧ
сайт на вордпресс стоимость	/tehnologii/wordpress/	commercial	price	4	СЧ
сайт на вордпресс цена	/tehnologii/wordpress/	commercial	price	4	СЧ
сколько стоит разработка на wordpress	/tehnologii/wordpress/	commercial	price	5	НЧ
wordpress разработчик на заказ	/tehnologii/wordpress/	commercial	base	4	СЧ
wordpress разработчик на заказ стоимость	/tehnologii/wordpress/	commercial	price	5	НЧ
wordpress разработчик на заказ цена	/tehnologii/wordpress/	commercial	price	5	НЧ
направления веб разработки	/uslugi/	hub	base	3	ВЧ
услуги веб разработки	/uslugi/	hub	base	3	ВЧ
услуги по разработке сайтов	/uslugi/	hub	base	4	СЧ
услуги студии разработки	/uslugi/	hub	base	3	ВЧ
чем занимается веб студия	/uslugi/	hub	base	4	СЧ
внедрение аналитики на сайт	/uslugi/analitika/	commercial	base	4	СЧ
внедрение аналитики на сайт агентство	/uslugi/analitika/	commercial	vendor	5	НЧ
внедрение аналитики на сайт компания	/uslugi/analitika/	commercial	vendor	5	НЧ
внедрение аналитики на сайт на заказ	/uslugi/analitika/	commercial	order	6	НЧ
внедрение аналитики на сайт недорого	/uslugi/analitika/	commercial	price	5	НЧ
внедрение аналитики на сайт отзывы	/uslugi/analitika/	commercial	vendor	5	НЧ
внедрение аналитики на сайт под ключ	/uslugi/analitika/	commercial	base	6	НЧ
внедрение аналитики на сайт срочно	/uslugi/analitika/	commercial	order	5	НЧ
внедрение аналитики на сайт стоимость	/uslugi/analitika/	commercial	price	5	НЧ
внедрение аналитики на сайт студия	/uslugi/analitika/	commercial	vendor	5	НЧ
внедрение аналитики на сайт цена	/uslugi/analitika/	commercial	price	5	НЧ
заказать внедрение аналитики	/uslugi/analitika/	commercial	order	3	ВЧ
заказать внедрение аналитики недорого	/uslugi/analitika/	commercial	order	4	СЧ
настроить яндекс метрику на сайте	/uslugi/analitika/	commercial	base	5	НЧ
настроить яндекс метрику на сайте на заказ	/uslugi/analitika/	commercial	order	7	НЧ
настроить яндекс метрику на сайте стоимость	/uslugi/analitika/	commercial	price	6	НЧ
настроить яндекс метрику на сайте цена	/uslugi/analitika/	commercial	price	6	НЧ
настройка целей в метрике	/uslugi/analitika/	commercial	base	4	СЧ
настройка целей в метрике на заказ	/uslugi/analitika/	commercial	order	6	НЧ
настройка целей в метрике стоимость	/uslugi/analitika/	commercial	price	5	НЧ
настройка целей в метрике цена	/uslugi/analitika/	commercial	price	5	НЧ
подключить аналитику к сайту	/uslugi/analitika/	commercial	base	4	СЧ
подключить аналитику к сайту на заказ	/uslugi/analitika/	commercial	order	6	НЧ
подключить аналитику к сайту стоимость	/uslugi/analitika/	commercial	price	5	НЧ
подключить аналитику к сайту цена	/uslugi/analitika/	commercial	price	5	НЧ
сквозная аналитика внедрение	/uslugi/analitika/	commercial	base	3	ВЧ
сквозная аналитика внедрение на заказ	/uslugi/analitika/	commercial	order	5	НЧ
сквозная аналитика внедрение стоимость	/uslugi/analitika/	commercial	price	4	СЧ
сквозная аналитика внедрение цена	/uslugi/analitika/	commercial	price	4	СЧ
сколько стоит внедрение аналитики на сайт	/uslugi/analitika/	commercial	price	6	НЧ
заказать разработку api	/uslugi/api-i-backend/	commercial	order	3	ВЧ
заказать разработку api недорого	/uslugi/api-i-backend/	commercial	order	4	СЧ
разработка api	/uslugi/api-i-backend/	commercial	base	2	ВЧ
разработка api агентство	/uslugi/api-i-backend/	commercial	vendor	3	НЧ
разработка api компания	/uslugi/api-i-backend/	commercial	vendor	3	НЧ
разработка api на заказ	/uslugi/api-i-backend/	commercial	order	4	СЧ
разработка api недорого	/uslugi/api-i-backend/	commercial	price	3	СЧ
разработка api отзывы	/uslugi/api-i-backend/	commercial	vendor	3	НЧ
разработка api под ключ	/uslugi/api-i-backend/	commercial	base	4	СЧ
разработка api срочно	/uslugi/api-i-backend/	commercial	order	3	ВЧ
разработка api стоимость	/uslugi/api-i-backend/	commercial	price	3	СЧ
разработка api студия	/uslugi/api-i-backend/	commercial	vendor	3	НЧ
разработка api цена	/uslugi/api-i-backend/	commercial	price	3	СЧ
серверная часть сайта разработка	/uslugi/api-i-backend/	commercial	base	4	СЧ
серверная часть сайта разработка на заказ	/uslugi/api-i-backend/	commercial	order	6	НЧ
серверная часть сайта разработка стоимость	/uslugi/api-i-backend/	commercial	price	5	НЧ
серверная часть сайта разработка цена	/uslugi/api-i-backend/	commercial	price	5	НЧ
сколько стоит разработка api	/uslugi/api-i-backend/	commercial	price	4	СЧ
создание api	/uslugi/api-i-backend/	commercial	base	2	ВЧ
создание api на заказ	/uslugi/api-i-backend/	commercial	order	4	СЧ
создание api стоимость	/uslugi/api-i-backend/	commercial	price	3	СЧ
создание api цена	/uslugi/api-i-backend/	commercial	price	3	СЧ
backend разработка на заказ	/uslugi/api-i-backend/	commercial	base	4	СЧ
backend разработка на заказ стоимость	/uslugi/api-i-backend/	commercial	price	5	НЧ
backend разработка на заказ цена	/uslugi/api-i-backend/	commercial	price	5	НЧ
rest api на заказ	/uslugi/api-i-backend/	commercial	base	4	СЧ
rest api на заказ стоимость	/uslugi/api-i-backend/	commercial	price	5	НЧ
rest api на заказ цена	/uslugi/api-i-backend/	commercial	price	5	НЧ
заказать highload проект	/uslugi/api-i-backend/highload/	commercial	order	3	ВЧ
заказать highload проект недорого	/uslugi/api-i-backend/highload/	commercial	order	4	СЧ
масштабирование сайта	/uslugi/api-i-backend/highload/	commercial	base	2	ВЧ
масштабирование сайта на заказ	/uslugi/api-i-backend/highload/	commercial	order	4	СЧ
масштабирование сайта стоимость	/uslugi/api-i-backend/highload/	commercial	price	3	СЧ
масштабирование сайта цена	/uslugi/api-i-backend/highload/	commercial	price	3	СЧ
оптимизация базы данных сайта	/uslugi/api-i-backend/highload/	commercial	base	4	СЧ
оптимизация базы данных сайта на заказ	/uslugi/api-i-backend/highload/	commercial	order	6	НЧ
оптимизация базы данных сайта стоимость	/uslugi/api-i-backend/highload/	commercial	price	5	НЧ
оптимизация базы данных сайта цена	/uslugi/api-i-backend/highload/	commercial	price	5	НЧ
разработка высоконагруженных проектов	/uslugi/api-i-backend/highload/	commercial	base	3	ВЧ
разработка высоконагруженных проектов агентство	/uslugi/api-i-backend/highload/	commercial	vendor	4	НЧ
разработка высоконагруженных проектов компания	/uslugi/api-i-backend/highload/	commercial	vendor	4	НЧ
разработка высоконагруженных проектов на заказ	/uslugi/api-i-backend/highload/	commercial	order	5	НЧ
разработка высоконагруженных проектов недорого	/uslugi/api-i-backend/highload/	commercial	price	4	СЧ
разработка высоконагруженных проектов отзывы	/uslugi/api-i-backend/highload/	commercial	vendor	4	НЧ
разработка высоконагруженных проектов под ключ	/uslugi/api-i-backend/highload/	commercial	base	5	НЧ
разработка высоконагруженных проектов срочно	/uslugi/api-i-backend/highload/	commercial	order	4	СЧ
разработка высоконагруженных проектов стоимость	/uslugi/api-i-backend/highload/	commercial	price	4	СЧ
разработка высоконагруженных проектов студия	/uslugi/api-i-backend/highload/	commercial	vendor	4	НЧ
разработка высоконагруженных проектов цена	/uslugi/api-i-backend/highload/	commercial	price	4	СЧ
сайт не выдерживает нагрузку	/uslugi/api-i-backend/highload/	commercial	base	4	СЧ
сайт не выдерживает нагрузку на заказ	/uslugi/api-i-backend/highload/	commercial	order	6	НЧ
сайт не выдерживает нагрузку стоимость	/uslugi/api-i-backend/highload/	commercial	price	5	НЧ
сайт не выдерживает нагрузку цена	/uslugi/api-i-backend/highload/	commercial	price	5	НЧ
сколько стоит разработка высоконагруженных проектов	/uslugi/api-i-backend/highload/	commercial	price	5	НЧ
highload разработка	/uslugi/api-i-backend/highload/	commercial	base	2	ВЧ
highload разработка на заказ	/uslugi/api-i-backend/highload/	commercial	order	4	СЧ
highload разработка стоимость	/uslugi/api-i-backend/highload/	commercial	price	3	СЧ
highload разработка цена	/uslugi/api-i-backend/highload/	commercial	price	3	СЧ
заказать разработку микросервисов	/uslugi/api-i-backend/mikroservisy/	commercial	order	3	ВЧ
заказать разработку микросервисов недорого	/uslugi/api-i-backend/mikroservisy/	commercial	order	4	СЧ
микросервисная архитектура внедрение	/uslugi/api-i-backend/mikroservisy/	commercial	base	3	ВЧ
микросервисная архитектура внедрение на заказ	/uslugi/api-i-backend/mikroservisy/	commercial	order	5	НЧ
микросервисная архитектура внедрение стоимость	/uslugi/api-i-backend/mikroservisy/	commercial	price	4	СЧ
микросервисная архитектура внедрение цена	/uslugi/api-i-backend/mikroservisy/	commercial	price	4	СЧ
переход на микросервисы	/uslugi/api-i-backend/mikroservisy/	commercial	base	3	ВЧ
переход на микросервисы на заказ	/uslugi/api-i-backend/mikroservisy/	commercial	order	5	НЧ
переход на микросервисы стоимость	/uslugi/api-i-backend/mikroservisy/	commercial	price	4	СЧ
переход на микросервисы цена	/uslugi/api-i-backend/mikroservisy/	commercial	price	4	СЧ
разработка микросервисов	/uslugi/api-i-backend/mikroservisy/	commercial	base	2	ВЧ
разработка микросервисов агентство	/uslugi/api-i-backend/mikroservisy/	commercial	vendor	3	НЧ
разработка микросервисов компания	/uslugi/api-i-backend/mikroservisy/	commercial	vendor	3	НЧ
разработка микросервисов на заказ	/uslugi/api-i-backend/mikroservisy/	commercial	order	4	СЧ
разработка микросервисов недорого	/uslugi/api-i-backend/mikroservisy/	commercial	price	3	СЧ
разработка микросервисов отзывы	/uslugi/api-i-backend/mikroservisy/	commercial	vendor	3	НЧ
разработка микросервисов под ключ	/uslugi/api-i-backend/mikroservisy/	commercial	base	4	СЧ
разработка микросервисов срочно	/uslugi/api-i-backend/mikroservisy/	commercial	order	3	ВЧ
разработка микросервисов стоимость	/uslugi/api-i-backend/mikroservisy/	commercial	price	3	СЧ
разработка микросервисов студия	/uslugi/api-i-backend/mikroservisy/	commercial	vendor	3	НЧ
разработка микросервисов цена	/uslugi/api-i-backend/mikroservisy/	commercial	price	3	СЧ
распил монолита на сервисы	/uslugi/api-i-backend/mikroservisy/	commercial	base	4	СЧ
распил монолита на сервисы на заказ	/uslugi/api-i-backend/mikroservisy/	commercial	order	6	НЧ
распил монолита на сервисы стоимость	/uslugi/api-i-backend/mikroservisy/	commercial	price	5	НЧ
распил монолита на сервисы цена	/uslugi/api-i-backend/mikroservisy/	commercial	price	5	НЧ
сколько стоит разработка микросервисов	/uslugi/api-i-backend/mikroservisy/	commercial	price	4	СЧ
аудит сайта	/uslugi/audit-sajta/	commercial	base	2	ВЧ
аудит сайта агентство	/uslugi/audit-sajta/	commercial	vendor	3	НЧ
аудит сайта в москве	/uslugi/audit-sajta/	commercial	geo	4	СЧ
аудит сайта компания	/uslugi/audit-sajta/	commercial	vendor	3	НЧ
аудит сайта москва	/uslugi/audit-sajta/	commercial	geo	3	СЧ
аудит сайта на заказ	/uslugi/audit-sajta/	commercial	order	4	СЧ
аудит сайта недорого	/uslugi/audit-sajta/	commercial	price	3	СЧ
аудит сайта отзывы	/uslugi/audit-sajta/	commercial	vendor	3	НЧ
аудит сайта под ключ	/uslugi/audit-sajta/	commercial	base	4	СЧ
аудит сайта срочно	/uslugi/audit-sajta/	commercial	order	3	ВЧ
аудит сайта стоимость	/uslugi/audit-sajta/	commercial	price	3	СЧ
аудит сайта студия	/uslugi/audit-sajta/	commercial	vendor	3	НЧ
аудит сайта цена	/uslugi/audit-sajta/	commercial	price	3	СЧ
аудит сайта цена москва	/uslugi/audit-sajta/	commercial	geo	4	СЧ
диагностика сайта	/uslugi/audit-sajta/	commercial	base	2	ВЧ
диагностика сайта на заказ	/uslugi/audit-sajta/	commercial	order	4	СЧ
диагностика сайта стоимость	/uslugi/audit-sajta/	commercial	price	3	СЧ
диагностика сайта цена	/uslugi/audit-sajta/	commercial	price	3	СЧ
заказать аудит сайта	/uslugi/audit-sajta/	commercial	order	3	ВЧ
заказать аудит сайта в москве	/uslugi/audit-sajta/	commercial	geo	5	НЧ
заказать аудит сайта недорого	/uslugi/audit-sajta/	commercial	order	4	СЧ
комплексный аудит сайта	/uslugi/audit-sajta/	commercial	base	3	ВЧ
комплексный аудит сайта на заказ	/uslugi/audit-sajta/	commercial	order	5	НЧ
комплексный аудит сайта стоимость	/uslugi/audit-sajta/	commercial	price	4	СЧ
комплексный аудит сайта цена	/uslugi/audit-sajta/	commercial	price	4	СЧ
проверка сайта	/uslugi/audit-sajta/	commercial	base	2	ВЧ
проверка сайта в москве	/uslugi/audit-sajta/	commercial	geo	4	СЧ
проверка сайта москва	/uslugi/audit-sajta/	commercial	geo	3	СЧ
проверка сайта на заказ	/uslugi/audit-sajta/	commercial	order	4	СЧ
проверка сайта стоимость	/uslugi/audit-sajta/	commercial	price	3	СЧ
проверка сайта цена	/uslugi/audit-sajta/	commercial	price	3	СЧ
проверка сайта цена москва	/uslugi/audit-sajta/	commercial	geo	4	СЧ
сколько стоит аудит сайта	/uslugi/audit-sajta/	commercial	price	4	СЧ
технический аудит сайта	/uslugi/audit-sajta/	commercial	base	3	ВЧ
технический аудит сайта в москве	/uslugi/audit-sajta/	commercial	geo	5	НЧ
технический аудит сайта москва	/uslugi/audit-sajta/	commercial	geo	4	СЧ
технический аудит сайта на заказ	/uslugi/audit-sajta/	commercial	order	5	НЧ
технический аудит сайта стоимость	/uslugi/audit-sajta/	commercial	price	4	СЧ
технический аудит сайта цена	/uslugi/audit-sajta/	commercial	price	4	СЧ
технический аудит сайта цена москва	/uslugi/audit-sajta/	commercial	geo	5	НЧ
аудит кода	/uslugi/audit-sajta/audit-koda/	commercial	base	2	ВЧ
аудит кода агентство	/uslugi/audit-sajta/audit-koda/	commercial	vendor	3	НЧ
аудит кода компания	/uslugi/audit-sajta/audit-koda/	commercial	vendor	3	НЧ
аудит кода на заказ	/uslugi/audit-sajta/audit-koda/	commercial	order	4	СЧ
аудит кода недорого	/uslugi/audit-sajta/audit-koda/	commercial	price	3	СЧ
аудит кода отзывы	/uslugi/audit-sajta/audit-koda/	commercial	vendor	3	НЧ
аудит кода под ключ	/uslugi/audit-sajta/audit-koda/	commercial	base	4	СЧ
аудит кода срочно	/uslugi/audit-sajta/audit-koda/	commercial	order	3	ВЧ
аудит кода стоимость	/uslugi/audit-sajta/audit-koda/	commercial	price	3	СЧ
аудит кода студия	/uslugi/audit-sajta/audit-koda/	commercial	vendor	3	НЧ
аудит кода цена	/uslugi/audit-sajta/audit-koda/	commercial	price	3	СЧ
заказать аудит кода	/uslugi/audit-sajta/audit-koda/	commercial	order	3	ВЧ
заказать аудит кода недорого	/uslugi/audit-sajta/audit-koda/	commercial	order	4	СЧ
оценка кода перед покупкой проекта	/uslugi/audit-sajta/audit-koda/	commercial	base	5	НЧ
оценка кода перед покупкой проекта на заказ	/uslugi/audit-sajta/audit-koda/	commercial	order	7	НЧ
оценка кода перед покупкой проекта стоимость	/uslugi/audit-sajta/audit-koda/	commercial	price	6	НЧ
оценка кода перед покупкой проекта цена	/uslugi/audit-sajta/audit-koda/	commercial	price	6	НЧ
проверка качества кода	/uslugi/audit-sajta/audit-koda/	commercial	base	3	ВЧ
проверка качества кода на заказ	/uslugi/audit-sajta/audit-koda/	commercial	order	5	НЧ
проверка качества кода стоимость	/uslugi/audit-sajta/audit-koda/	commercial	price	4	СЧ
проверка качества кода цена	/uslugi/audit-sajta/audit-koda/	commercial	price	4	СЧ
сколько стоит аудит кода	/uslugi/audit-sajta/audit-koda/	commercial	price	4	СЧ
экспертиза кода сайта	/uslugi/audit-sajta/audit-koda/	commercial	base	3	ВЧ
экспертиза кода сайта на заказ	/uslugi/audit-sajta/audit-koda/	commercial	order	5	НЧ
экспертиза кода сайта стоимость	/uslugi/audit-sajta/audit-koda/	commercial	price	4	СЧ
экспертиза кода сайта цена	/uslugi/audit-sajta/audit-koda/	commercial	price	4	СЧ
code review на заказ	/uslugi/audit-sajta/audit-koda/	commercial	base	4	СЧ
code review на заказ стоимость	/uslugi/audit-sajta/audit-koda/	commercial	price	5	НЧ
code review на заказ цена	/uslugi/audit-sajta/audit-koda/	commercial	price	5	НЧ
автоматизация бизнес процессов	/uslugi/avtomatizaciya/	commercial	base	3	ВЧ
автоматизация бизнес процессов агентство	/uslugi/avtomatizaciya/	commercial	vendor	4	НЧ
автоматизация бизнес процессов в москве	/uslugi/avtomatizaciya/	commercial	geo	5	НЧ
автоматизация бизнес процессов компания	/uslugi/avtomatizaciya/	commercial	vendor	4	НЧ
автоматизация бизнес процессов москва	/uslugi/avtomatizaciya/	commercial	geo	4	СЧ
автоматизация бизнес процессов на заказ	/uslugi/avtomatizaciya/	commercial	order	5	НЧ
автоматизация бизнес процессов недорого	/uslugi/avtomatizaciya/	commercial	price	4	СЧ
автоматизация бизнес процессов отзывы	/uslugi/avtomatizaciya/	commercial	vendor	4	НЧ
автоматизация бизнес процессов под ключ	/uslugi/avtomatizaciya/	commercial	base	5	НЧ
автоматизация бизнес процессов срочно	/uslugi/avtomatizaciya/	commercial	order	4	СЧ
автоматизация бизнес процессов стоимость	/uslugi/avtomatizaciya/	commercial	price	4	СЧ
автоматизация бизнес процессов студия	/uslugi/avtomatizaciya/	commercial	vendor	4	НЧ
автоматизация бизнес процессов цена	/uslugi/avtomatizaciya/	commercial	price	4	СЧ
автоматизация бизнес процессов цена москва	/uslugi/avtomatizaciya/	commercial	geo	5	НЧ
автоматизация документооборота разработка	/uslugi/avtomatizaciya/	commercial	base	3	ВЧ
автоматизация документооборота разработка на заказ	/uslugi/avtomatizaciya/	commercial	order	5	НЧ
автоматизация документооборота разработка стоимость	/uslugi/avtomatizaciya/	commercial	price	4	СЧ
автоматизация документооборота разработка цена	/uslugi/avtomatizaciya/	commercial	price	4	СЧ
автоматизация работы компании	/uslugi/avtomatizaciya/	commercial	base	3	ВЧ
автоматизация работы компании в москве	/uslugi/avtomatizaciya/	commercial	geo	5	НЧ
автоматизация работы компании москва	/uslugi/avtomatizaciya/	commercial	geo	4	СЧ
автоматизация работы компании на заказ	/uslugi/avtomatizaciya/	commercial	order	5	НЧ
автоматизация работы компании стоимость	/uslugi/avtomatizaciya/	commercial	price	4	СЧ
автоматизация работы компании цена	/uslugi/avtomatizaciya/	commercial	price	4	СЧ
автоматизация работы компании цена москва	/uslugi/avtomatizaciya/	commercial	geo	5	НЧ
автоматизировать рутину в бизнесе	/uslugi/avtomatizaciya/	commercial	base	4	СЧ
автоматизировать рутину в бизнесе в москве	/uslugi/avtomatizaciya/	commercial	geo	6	НЧ
автоматизировать рутину в бизнесе москва	/uslugi/avtomatizaciya/	commercial	geo	5	НЧ
автоматизировать рутину в бизнесе на заказ	/uslugi/avtomatizaciya/	commercial	order	6	НЧ
автоматизировать рутину в бизнесе стоимость	/uslugi/avtomatizaciya/	commercial	price	5	НЧ
автоматизировать рутину в бизнесе цена	/uslugi/avtomatizaciya/	commercial	price	5	НЧ
автоматизировать рутину в бизнесе цена москва	/uslugi/avtomatizaciya/	commercial	geo	6	НЧ
внутренний сервис для сотрудников разработка	/uslugi/avtomatizaciya/	commercial	base	5	НЧ
внутренний сервис для сотрудников разработка на заказ	/uslugi/avtomatizaciya/	commercial	order	7	НЧ
внутренний сервис для сотрудников разработка стоимость	/uslugi/avtomatizaciya/	commercial	price	6	НЧ
внутренний сервис для сотрудников разработка цена	/uslugi/avtomatizaciya/	commercial	price	6	НЧ
заказать автоматизацию бизнес процессов	/uslugi/avtomatizaciya/	commercial	order	4	СЧ
заказать автоматизацию бизнес процессов в москве	/uslugi/avtomatizaciya/	commercial	geo	6	НЧ
заказать автоматизацию бизнес процессов недорого	/uslugi/avtomatizaciya/	commercial	order	5	НЧ
сколько стоит автоматизация бизнес процессов	/uslugi/avtomatizaciya/	commercial	price	5	НЧ
бот для приема заявок	/uslugi/avtomatizaciya/chat-boty/	commercial	base	4	СЧ
бот для приема заявок на заказ	/uslugi/avtomatizaciya/chat-boty/	commercial	order	6	НЧ
бот для приема заявок стоимость	/uslugi/avtomatizaciya/chat-boty/	commercial	price	5	НЧ
бот для приема заявок цена	/uslugi/avtomatizaciya/chat-boty/	commercial	price	5	НЧ
бот для сайта разработка	/uslugi/avtomatizaciya/chat-boty/	commercial	base	4	СЧ
бот для сайта разработка на заказ	/uslugi/avtomatizaciya/chat-boty/	commercial	order	6	НЧ
бот для сайта разработка стоимость	/uslugi/avtomatizaciya/chat-boty/	commercial	price	5	НЧ
бот для сайта разработка цена	/uslugi/avtomatizaciya/chat-boty/	commercial	price	5	НЧ
заказать чат бота	/uslugi/avtomatizaciya/chat-boty/	commercial	order	3	ВЧ
заказать чат бота недорого	/uslugi/avtomatizaciya/chat-boty/	commercial	order	4	СЧ
разработка чат бота	/uslugi/avtomatizaciya/chat-boty/	commercial	base	3	ВЧ
разработка чат бота агентство	/uslugi/avtomatizaciya/chat-boty/	commercial	vendor	4	НЧ
разработка чат бота компания	/uslugi/avtomatizaciya/chat-boty/	commercial	vendor	4	НЧ
разработка чат бота на заказ	/uslugi/avtomatizaciya/chat-boty/	commercial	order	5	НЧ
разработка чат бота недорого	/uslugi/avtomatizaciya/chat-boty/	commercial	price	4	СЧ
разработка чат бота отзывы	/uslugi/avtomatizaciya/chat-boty/	commercial	vendor	4	НЧ
разработка чат бота под ключ	/uslugi/avtomatizaciya/chat-boty/	commercial	base	5	НЧ
разработка чат бота срочно	/uslugi/avtomatizaciya/chat-boty/	commercial	order	4	СЧ
разработка чат бота стоимость	/uslugi/avtomatizaciya/chat-boty/	commercial	price	4	СЧ
разработка чат бота студия	/uslugi/avtomatizaciya/chat-boty/	commercial	vendor	4	НЧ
разработка чат бота цена	/uslugi/avtomatizaciya/chat-boty/	commercial	price	4	СЧ
сколько стоит разработка чат бота	/uslugi/avtomatizaciya/chat-boty/	commercial	price	5	НЧ
телеграм бот на заказ	/uslugi/avtomatizaciya/chat-boty/	commercial	base	4	СЧ
телеграм бот на заказ стоимость	/uslugi/avtomatizaciya/chat-boty/	commercial	price	5	НЧ
телеграм бот на заказ цена	/uslugi/avtomatizaciya/chat-boty/	commercial	price	5	НЧ
чат бот для бизнеса разработка	/uslugi/avtomatizaciya/chat-boty/	commercial	base	5	НЧ
чат бот для бизнеса разработка на заказ	/uslugi/avtomatizaciya/chat-boty/	commercial	order	7	НЧ
чат бот для бизнеса разработка стоимость	/uslugi/avtomatizaciya/chat-boty/	commercial	price	6	НЧ
чат бот для бизнеса разработка цена	/uslugi/avtomatizaciya/chat-boty/	commercial	price	6	НЧ
заказать парсинг данных	/uslugi/avtomatizaciya/parsing-dannyh/	commercial	order	3	ВЧ
заказать парсинг данных недорого	/uslugi/avtomatizaciya/parsing-dannyh/	commercial	order	4	СЧ
написать парсер	/uslugi/avtomatizaciya/parsing-dannyh/	commercial	base	2	ВЧ
написать парсер на заказ	/uslugi/avtomatizaciya/parsing-dannyh/	commercial	order	4	СЧ
написать парсер стоимость	/uslugi/avtomatizaciya/parsing-dannyh/	commercial	price	3	СЧ
написать парсер цена	/uslugi/avtomatizaciya/parsing-dannyh/	commercial	price	3	СЧ
парсер на заказ	/uslugi/avtomatizaciya/parsing-dannyh/	commercial	base	3	ВЧ
парсер на заказ стоимость	/uslugi/avtomatizaciya/parsing-dannyh/	commercial	price	4	СЧ
парсер на заказ цена	/uslugi/avtomatizaciya/parsing-dannyh/	commercial	price	4	СЧ
парсинг данных	/uslugi/avtomatizaciya/parsing-dannyh/	commercial	base	2	ВЧ
парсинг данных агентство	/uslugi/avtomatizaciya/parsing-dannyh/	commercial	vendor	3	НЧ
парсинг данных компания	/uslugi/avtomatizaciya/parsing-dannyh/	commercial	vendor	3	НЧ
парсинг данных на заказ	/uslugi/avtomatizaciya/parsing-dannyh/	commercial	order	4	СЧ
парсинг данных недорого	/uslugi/avtomatizaciya/parsing-dannyh/	commercial	price	3	СЧ
парсинг данных отзывы	/uslugi/avtomatizaciya/parsing-dannyh/	commercial	vendor	3	НЧ
парсинг данных под ключ	/uslugi/avtomatizaciya/parsing-dannyh/	commercial	base	4	СЧ
парсинг данных срочно	/uslugi/avtomatizaciya/parsing-dannyh/	commercial	order	3	ВЧ
парсинг данных стоимость	/uslugi/avtomatizaciya/parsing-dannyh/	commercial	price	3	СЧ
парсинг данных студия	/uslugi/avtomatizaciya/parsing-dannyh/	commercial	vendor	3	НЧ
парсинг данных цена	/uslugi/avtomatizaciya/parsing-dannyh/	commercial	price	3	СЧ
парсинг сайтов конкурентов	/uslugi/avtomatizaciya/parsing-dannyh/	commercial	base	3	ВЧ
парсинг сайтов конкурентов на заказ	/uslugi/avtomatizaciya/parsing-dannyh/	commercial	order	5	НЧ
парсинг сайтов конкурентов стоимость	/uslugi/avtomatizaciya/parsing-dannyh/	commercial	price	4	СЧ
парсинг сайтов конкурентов цена	/uslugi/avtomatizaciya/parsing-dannyh/	commercial	price	4	СЧ
парсинг цен конкурентов	/uslugi/avtomatizaciya/parsing-dannyh/	commercial	base	3	ВЧ
парсинг цен конкурентов на заказ	/uslugi/avtomatizaciya/parsing-dannyh/	commercial	order	5	НЧ
парсинг цен конкурентов стоимость	/uslugi/avtomatizaciya/parsing-dannyh/	commercial	price	4	СЧ
парсинг цен конкурентов цена	/uslugi/avtomatizaciya/parsing-dannyh/	commercial	price	4	СЧ
сбор данных с сайтов	/uslugi/avtomatizaciya/parsing-dannyh/	commercial	base	4	СЧ
сбор данных с сайтов на заказ	/uslugi/avtomatizaciya/parsing-dannyh/	commercial	order	6	НЧ
сбор данных с сайтов стоимость	/uslugi/avtomatizaciya/parsing-dannyh/	commercial	price	5	НЧ
сбор данных с сайтов цена	/uslugi/avtomatizaciya/parsing-dannyh/	commercial	price	5	НЧ
сколько стоит парсинг данных	/uslugi/avtomatizaciya/parsing-dannyh/	commercial	price	4	СЧ
внести изменения на сайт	/uslugi/dorabotka-sajta/	commercial	base	4	СЧ
внести изменения на сайт на заказ	/uslugi/dorabotka-sajta/	commercial	order	6	НЧ
внести изменения на сайт стоимость	/uslugi/dorabotka-sajta/	commercial	price	5	НЧ
внести изменения на сайт цена	/uslugi/dorabotka-sajta/	commercial	price	5	НЧ
допилить сайт	/uslugi/dorabotka-sajta/	commercial	base	2	ВЧ
допилить сайт на заказ	/uslugi/dorabotka-sajta/	commercial	order	4	СЧ
допилить сайт стоимость	/uslugi/dorabotka-sajta/	commercial	price	3	СЧ
допилить сайт цена	/uslugi/dorabotka-sajta/	commercial	price	3	СЧ
доработать сайт	/uslugi/dorabotka-sajta/	commercial	base	2	ВЧ
доработать сайт в москве	/uslugi/dorabotka-sajta/	commercial	geo	4	СЧ
доработать сайт москва	/uslugi/dorabotka-sajta/	commercial	geo	3	СЧ
доработать сайт на заказ	/uslugi/dorabotka-sajta/	commercial	order	4	СЧ
доработать сайт стоимость	/uslugi/dorabotka-sajta/	commercial	price	3	СЧ
доработать сайт цена	/uslugi/dorabotka-sajta/	commercial	price	3	СЧ
доработать сайт цена москва	/uslugi/dorabotka-sajta/	commercial	geo	4	СЧ
доработка сайта	/uslugi/dorabotka-sajta/	commercial	base	2	ВЧ
доработка сайта агентство	/uslugi/dorabotka-sajta/	commercial	vendor	3	НЧ
доработка сайта в москве	/uslugi/dorabotka-sajta/	commercial	geo	4	СЧ
доработка сайта компания	/uslugi/dorabotka-sajta/	commercial	vendor	3	НЧ
доработка сайта москва	/uslugi/dorabotka-sajta/	commercial	geo	3	СЧ
доработка сайта на заказ	/uslugi/dorabotka-sajta/	commercial	order	4	СЧ
доработка сайта недорого	/uslugi/dorabotka-sajta/	commercial	price	3	СЧ
доработка сайта отзывы	/uslugi/dorabotka-sajta/	commercial	vendor	3	НЧ
доработка сайта под ключ	/uslugi/dorabotka-sajta/	commercial	base	4	СЧ
доработка сайта срочно	/uslugi/dorabotka-sajta/	commercial	order	3	ВЧ
доработка сайта стоимость	/uslugi/dorabotka-sajta/	commercial	price	3	СЧ
доработка сайта студия	/uslugi/dorabotka-sajta/	commercial	vendor	3	НЧ
доработка сайта цена	/uslugi/dorabotka-sajta/	commercial	price	3	СЧ
доработка сайта цена москва	/uslugi/dorabotka-sajta/	commercial	geo	4	СЧ
доработка существующего сайта	/uslugi/dorabotka-sajta/	commercial	base	3	ВЧ
доработка существующего сайта на заказ	/uslugi/dorabotka-sajta/	commercial	order	5	НЧ
доработка существующего сайта стоимость	/uslugi/dorabotka-sajta/	commercial	price	4	СЧ
доработка существующего сайта цена	/uslugi/dorabotka-sajta/	commercial	price	4	СЧ
доработка чужого сайта	/uslugi/dorabotka-sajta/	commercial	base	3	ВЧ
доработка чужого сайта на заказ	/uslugi/dorabotka-sajta/	commercial	order	5	НЧ
доработка чужого сайта стоимость	/uslugi/dorabotka-sajta/	commercial	price	4	СЧ
доработка чужого сайта цена	/uslugi/dorabotka-sajta/	commercial	price	4	СЧ
заказать доработку сайта	/uslugi/dorabotka-sajta/	commercial	order	3	ВЧ
заказать доработку сайта в москве	/uslugi/dorabotka-sajta/	commercial	geo	5	НЧ
заказать доработку сайта недорого	/uslugi/dorabotka-sajta/	commercial	order	4	СЧ
изменить сайт	/uslugi/dorabotka-sajta/	commercial	base	2	ВЧ
изменить сайт на заказ	/uslugi/dorabotka-sajta/	commercial	order	4	СЧ
изменить сайт стоимость	/uslugi/dorabotka-sajta/	commercial	price	3	СЧ
изменить сайт цена	/uslugi/dorabotka-sajta/	commercial	price	3	СЧ
правки на сайте	/uslugi/dorabotka-sajta/	commercial	base	3	ВЧ
правки на сайте в москве	/uslugi/dorabotka-sajta/	commercial	geo	5	НЧ
правки на сайте москва	/uslugi/dorabotka-sajta/	commercial	geo	4	СЧ
правки на сайте на заказ	/uslugi/dorabotka-sajta/	commercial	order	5	НЧ
правки на сайте стоимость	/uslugi/dorabotka-sajta/	commercial	price	4	СЧ
правки на сайте цена	/uslugi/dorabotka-sajta/	commercial	price	4	СЧ
правки на сайте цена москва	/uslugi/dorabotka-sajta/	commercial	geo	5	НЧ
сколько стоит доработка сайта	/uslugi/dorabotka-sajta/	commercial	price	4	СЧ
доработать интернет магазин	/uslugi/dorabotka-sajta/dorabotka-internet-magazina/	commercial	base	3	ВЧ
доработать интернет магазин на заказ	/uslugi/dorabotka-sajta/dorabotka-internet-magazina/	commercial	order	5	НЧ
доработать интернет магазин стоимость	/uslugi/dorabotka-sajta/dorabotka-internet-magazina/	commercial	price	4	СЧ
доработать интернет магазин цена	/uslugi/dorabotka-sajta/dorabotka-internet-magazina/	commercial	price	4	СЧ
доработка интернет магазина	/uslugi/dorabotka-sajta/dorabotka-internet-magazina/	commercial	base	3	ВЧ
доработка интернет магазина агентство	/uslugi/dorabotka-sajta/dorabotka-internet-magazina/	commercial	vendor	4	НЧ
доработка интернет магазина компания	/uslugi/dorabotka-sajta/dorabotka-internet-magazina/	commercial	vendor	4	НЧ
доработка интернет магазина на заказ	/uslugi/dorabotka-sajta/dorabotka-internet-magazina/	commercial	order	5	НЧ
доработка интернет магазина недорого	/uslugi/dorabotka-sajta/dorabotka-internet-magazina/	commercial	price	4	СЧ
доработка интернет магазина отзывы	/uslugi/dorabotka-sajta/dorabotka-internet-magazina/	commercial	vendor	4	НЧ
доработка интернет магазина под ключ	/uslugi/dorabotka-sajta/dorabotka-internet-magazina/	commercial	base	5	НЧ
доработка интернет магазина срочно	/uslugi/dorabotka-sajta/dorabotka-internet-magazina/	commercial	order	4	СЧ
доработка интернет магазина стоимость	/uslugi/dorabotka-sajta/dorabotka-internet-magazina/	commercial	price	4	СЧ
доработка интернет магазина студия	/uslugi/dorabotka-sajta/dorabotka-internet-magazina/	commercial	vendor	4	НЧ
доработка интернет магазина цена	/uslugi/dorabotka-sajta/dorabotka-internet-magazina/	commercial	price	4	СЧ
заказать доработку интернет магазина	/uslugi/dorabotka-sajta/dorabotka-internet-magazina/	commercial	order	4	СЧ
заказать доработку интернет магазина недорого	/uslugi/dorabotka-sajta/dorabotka-internet-magazina/	commercial	order	5	НЧ
изменения в интернет магазине	/uslugi/dorabotka-sajta/dorabotka-internet-magazina/	commercial	base	4	СЧ
изменения в интернет магазине на заказ	/uslugi/dorabotka-sajta/dorabotka-internet-magazina/	commercial	order	6	НЧ
изменения в интернет магазине стоимость	/uslugi/dorabotka-sajta/dorabotka-internet-magazina/	commercial	price	5	НЧ
изменения в интернет магазине цена	/uslugi/dorabotka-sajta/dorabotka-internet-magazina/	commercial	price	5	НЧ
новый функционал в интернет магазине	/uslugi/dorabotka-sajta/dorabotka-internet-magazina/	commercial	base	5	НЧ
новый функционал в интернет магазине на заказ	/uslugi/dorabotka-sajta/dorabotka-internet-magazina/	commercial	order	7	НЧ
новый функционал в интернет магазине стоимость	/uslugi/dorabotka-sajta/dorabotka-internet-magazina/	commercial	price	6	НЧ
новый функционал в интернет магазине цена	/uslugi/dorabotka-sajta/dorabotka-internet-magazina/	commercial	price	6	НЧ
сколько стоит доработка интернет магазина	/uslugi/dorabotka-sajta/dorabotka-internet-magazina/	commercial	price	5	НЧ
адаптивная верстка на заказ	/uslugi/dorabotka-sajta/verstka-po-maketu/	commercial	base	4	СЧ
адаптивная верстка на заказ стоимость	/uslugi/dorabotka-sajta/verstka-po-maketu/	commercial	price	5	НЧ
адаптивная верстка на заказ цена	/uslugi/dorabotka-sajta/verstka-po-maketu/	commercial	price	5	НЧ
верстка из фигмы	/uslugi/dorabotka-sajta/verstka-po-maketu/	commercial	base	3	ВЧ
верстка из фигмы на заказ	/uslugi/dorabotka-sajta/verstka-po-maketu/	commercial	order	5	НЧ
верстка из фигмы стоимость	/uslugi/dorabotka-sajta/verstka-po-maketu/	commercial	price	4	СЧ
верстка из фигмы цена	/uslugi/dorabotka-sajta/verstka-po-maketu/	commercial	price	4	СЧ
верстка сайта по макету	/uslugi/dorabotka-sajta/verstka-po-maketu/	commercial	base	4	СЧ
верстка сайта по макету агентство	/uslugi/dorabotka-sajta/verstka-po-maketu/	commercial	vendor	5	НЧ
верстка сайта по макету компания	/uslugi/dorabotka-sajta/verstka-po-maketu/	commercial	vendor	5	НЧ
верстка сайта по макету на заказ	/uslugi/dorabotka-sajta/verstka-po-maketu/	commercial	order	6	НЧ
верстка сайта по макету недорого	/uslugi/dorabotka-sajta/verstka-po-maketu/	commercial	price	5	НЧ
верстка сайта по макету отзывы	/uslugi/dorabotka-sajta/verstka-po-maketu/	commercial	vendor	5	НЧ
верстка сайта по макету под ключ	/uslugi/dorabotka-sajta/verstka-po-maketu/	commercial	base	6	НЧ
верстка сайта по макету срочно	/uslugi/dorabotka-sajta/verstka-po-maketu/	commercial	order	5	НЧ
верстка сайта по макету стоимость	/uslugi/dorabotka-sajta/verstka-po-maketu/	commercial	price	5	НЧ
верстка сайта по макету студия	/uslugi/dorabotka-sajta/verstka-po-maketu/	commercial	vendor	5	НЧ
верстка сайта по макету цена	/uslugi/dorabotka-sajta/verstka-po-maketu/	commercial	price	5	НЧ
заказать верстку по макету	/uslugi/dorabotka-sajta/verstka-po-maketu/	commercial	order	4	СЧ
заказать верстку по макету недорого	/uslugi/dorabotka-sajta/verstka-po-maketu/	commercial	order	5	НЧ
натяжка верстки на движок	/uslugi/dorabotka-sajta/verstka-po-maketu/	commercial	base	4	СЧ
натяжка верстки на движок на заказ	/uslugi/dorabotka-sajta/verstka-po-maketu/	commercial	order	6	НЧ
натяжка верстки на движок стоимость	/uslugi/dorabotka-sajta/verstka-po-maketu/	commercial	price	5	НЧ
натяжка верстки на движок цена	/uslugi/dorabotka-sajta/verstka-po-maketu/	commercial	price	5	НЧ
сверстать сайт по макету	/uslugi/dorabotka-sajta/verstka-po-maketu/	commercial	base	4	СЧ
сверстать сайт по макету на заказ	/uslugi/dorabotka-sajta/verstka-po-maketu/	commercial	order	6	НЧ
сверстать сайт по макету стоимость	/uslugi/dorabotka-sajta/verstka-po-maketu/	commercial	price	5	НЧ
сверстать сайт по макету цена	/uslugi/dorabotka-sajta/verstka-po-maketu/	commercial	price	5	НЧ
сколько стоит верстка сайта по макету	/uslugi/dorabotka-sajta/verstka-po-maketu/	commercial	price	6	НЧ
заказать интеграцию для сайта	/uslugi/integracii/	commercial	order	4	СЧ
заказать интеграцию для сайта недорого	/uslugi/integracii/	commercial	order	5	НЧ
интеграции для сайта	/uslugi/integracii/	commercial	base	3	ВЧ
интеграции для сайта на заказ	/uslugi/integracii/	commercial	order	5	НЧ
интеграции для сайта стоимость	/uslugi/integracii/	commercial	price	4	СЧ
интеграции для сайта цена	/uslugi/integracii/	commercial	price	4	СЧ
интеграция сайта с внешними системами	/uslugi/integracii/	commercial	base	5	НЧ
интеграция сайта с внешними системами агентство	/uslugi/integracii/	commercial	vendor	6	НЧ
интеграция сайта с внешними системами компания	/uslugi/integracii/	commercial	vendor	6	НЧ
интеграция сайта с внешними системами на заказ	/uslugi/integracii/	commercial	order	7	НЧ
интеграция сайта с внешними системами недорого	/uslugi/integracii/	commercial	price	6	НЧ
интеграция сайта с внешними системами отзывы	/uslugi/integracii/	commercial	vendor	6	НЧ
интеграция сайта с внешними системами под ключ	/uslugi/integracii/	commercial	base	7	НЧ
интеграция сайта с внешними системами срочно	/uslugi/integracii/	commercial	order	6	НЧ
интеграция сайта с внешними системами стоимость	/uslugi/integracii/	commercial	price	6	НЧ
интеграция сайта с внешними системами студия	/uslugi/integracii/	commercial	vendor	6	НЧ
интеграция сайта с внешними системами цена	/uslugi/integracii/	commercial	price	6	НЧ
настройка интеграций на сайте	/uslugi/integracii/	commercial	base	4	СЧ
настройка интеграций на сайте на заказ	/uslugi/integracii/	commercial	order	6	НЧ
настройка интеграций на сайте стоимость	/uslugi/integracii/	commercial	price	5	НЧ
настройка интеграций на сайте цена	/uslugi/integracii/	commercial	price	5	НЧ
обмен данными между сайтом и системами	/uslugi/integracii/	commercial	base	6	НЧ
обмен данными между сайтом и системами на заказ	/uslugi/integracii/	commercial	order	8	НЧ
обмен данными между сайтом и системами стоимость	/uslugi/integracii/	commercial	price	7	НЧ
обмен данными между сайтом и системами цена	/uslugi/integracii/	commercial	price	7	НЧ
связать сайт с внутренними системами	/uslugi/integracii/	commercial	base	5	НЧ
связать сайт с внутренними системами на заказ	/uslugi/integracii/	commercial	order	7	НЧ
связать сайт с внутренними системами стоимость	/uslugi/integracii/	commercial	price	6	НЧ
связать сайт с внутренними системами цена	/uslugi/integracii/	commercial	price	6	НЧ
сколько стоит интеграция сайта с внешними системами	/uslugi/integracii/	commercial	price	7	НЧ
выгрузка товаров из 1с на сайт	/uslugi/integracii/1c/	commercial	base	6	НЧ
выгрузка товаров из 1с на сайт на заказ	/uslugi/integracii/1c/	commercial	order	8	НЧ
выгрузка товаров из 1с на сайт стоимость	/uslugi/integracii/1c/	commercial	price	7	НЧ
выгрузка товаров из 1с на сайт цена	/uslugi/integracii/1c/	commercial	price	7	НЧ
заказать интеграцию 1с с сайтом	/uslugi/integracii/1c/	commercial	order	5	НЧ
заказать интеграцию 1с с сайтом в москве	/uslugi/integracii/1c/	commercial	geo	7	НЧ
заказать интеграцию 1с с сайтом недорого	/uslugi/integracii/1c/	commercial	order	6	НЧ
интеграция 1с и битрикс	/uslugi/integracii/1c/	commercial	base	4	СЧ
интеграция 1с и битрикс на заказ	/uslugi/integracii/1c/	commercial	order	6	НЧ
интеграция 1с и битрикс стоимость	/uslugi/integracii/1c/	commercial	price	5	НЧ
интеграция 1с и битрикс цена	/uslugi/integracii/1c/	commercial	price	5	НЧ
интеграция 1с с сайтом	/uslugi/integracii/1c/	commercial	base	4	СЧ
интеграция 1с с сайтом агентство	/uslugi/integracii/1c/	commercial	vendor	5	НЧ
интеграция 1с с сайтом в москве	/uslugi/integracii/1c/	commercial	geo	6	НЧ
интеграция 1с с сайтом компания	/uslugi/integracii/1c/	commercial	vendor	5	НЧ
интеграция 1с с сайтом москва	/uslugi/integracii/1c/	commercial	geo	5	НЧ
интеграция 1с с сайтом на заказ	/uslugi/integracii/1c/	commercial	order	6	НЧ
интеграция 1с с сайтом недорого	/uslugi/integracii/1c/	commercial	price	5	НЧ
интеграция 1с с сайтом отзывы	/uslugi/integracii/1c/	commercial	vendor	5	НЧ
интеграция 1с с сайтом под ключ	/uslugi/integracii/1c/	commercial	base	6	НЧ
интеграция 1с с сайтом срочно	/uslugi/integracii/1c/	commercial	order	5	НЧ
интеграция 1с с сайтом стоимость	/uslugi/integracii/1c/	commercial	price	5	НЧ
интеграция 1с с сайтом студия	/uslugi/integracii/1c/	commercial	vendor	5	НЧ
интеграция 1с с сайтом цена	/uslugi/integracii/1c/	commercial	price	5	НЧ
интеграция 1с с сайтом цена москва	/uslugi/integracii/1c/	commercial	geo	6	НЧ
обмен сайта с 1с	/uslugi/integracii/1c/	commercial	base	4	СЧ
обмен сайта с 1с в москве	/uslugi/integracii/1c/	commercial	geo	6	НЧ
обмен сайта с 1с москва	/uslugi/integracii/1c/	commercial	geo	5	НЧ
обмен сайта с 1с на заказ	/uslugi/integracii/1c/	commercial	order	6	НЧ
обмен сайта с 1с стоимость	/uslugi/integracii/1c/	commercial	price	5	НЧ
обмен сайта с 1с цена	/uslugi/integracii/1c/	commercial	price	5	НЧ
обмен сайта с 1с цена москва	/uslugi/integracii/1c/	commercial	geo	6	НЧ
связать 1с и интернет магазин	/uslugi/integracii/1c/	commercial	base	5	НЧ
связать 1с и интернет магазин на заказ	/uslugi/integracii/1c/	commercial	order	7	НЧ
связать 1с и интернет магазин стоимость	/uslugi/integracii/1c/	commercial	price	6	НЧ
связать 1с и интернет магазин цена	/uslugi/integracii/1c/	commercial	price	6	НЧ
синхронизация 1с и сайта	/uslugi/integracii/1c/	commercial	base	4	СЧ
синхронизация 1с и сайта в москве	/uslugi/integracii/1c/	commercial	geo	6	НЧ
синхронизация 1с и сайта москва	/uslugi/integracii/1c/	commercial	geo	5	НЧ
синхронизация 1с и сайта на заказ	/uslugi/integracii/1c/	commercial	order	6	НЧ
синхронизация 1с и сайта стоимость	/uslugi/integracii/1c/	commercial	price	5	НЧ
синхронизация 1с и сайта цена	/uslugi/integracii/1c/	commercial	price	5	НЧ
синхронизация 1с и сайта цена москва	/uslugi/integracii/1c/	commercial	geo	6	НЧ
сколько стоит интеграция 1с с сайтом	/uslugi/integracii/1c/	commercial	price	6	НЧ
заказать интеграцию с crm	/uslugi/integracii/crm/	commercial	order	4	СЧ
заказать интеграцию с crm недорого	/uslugi/integracii/crm/	commercial	order	5	НЧ
заявки с сайта в crm	/uslugi/integracii/crm/	commercial	base	5	НЧ
заявки с сайта в crm на заказ	/uslugi/integracii/crm/	commercial	order	7	НЧ
заявки с сайта в crm стоимость	/uslugi/integracii/crm/	commercial	price	6	НЧ
заявки с сайта в crm цена	/uslugi/integracii/crm/	commercial	price	6	НЧ
интеграция с битрикс24	/uslugi/integracii/crm/	commercial	base	3	ВЧ
интеграция с битрикс24 на заказ	/uslugi/integracii/crm/	commercial	order	5	НЧ
интеграция с битрикс24 стоимость	/uslugi/integracii/crm/	commercial	price	4	СЧ
интеграция с битрикс24 цена	/uslugi/integracii/crm/	commercial	price	4	СЧ
интеграция с amocrm	/uslugi/integracii/crm/	commercial	base	3	ВЧ
интеграция с amocrm на заказ	/uslugi/integracii/crm/	commercial	order	5	НЧ
интеграция с amocrm стоимость	/uslugi/integracii/crm/	commercial	price	4	СЧ
интеграция с amocrm цена	/uslugi/integracii/crm/	commercial	price	4	СЧ
интеграция сайта с crm	/uslugi/integracii/crm/	commercial	base	4	СЧ
интеграция сайта с crm агентство	/uslugi/integracii/crm/	commercial	vendor	5	НЧ
интеграция сайта с crm компания	/uslugi/integracii/crm/	commercial	vendor	5	НЧ
интеграция сайта с crm на заказ	/uslugi/integracii/crm/	commercial	order	6	НЧ
интеграция сайта с crm недорого	/uslugi/integracii/crm/	commercial	price	5	НЧ
интеграция сайта с crm отзывы	/uslugi/integracii/crm/	commercial	vendor	5	НЧ
интеграция сайта с crm под ключ	/uslugi/integracii/crm/	commercial	base	6	НЧ
интеграция сайта с crm срочно	/uslugi/integracii/crm/	commercial	order	5	НЧ
интеграция сайта с crm стоимость	/uslugi/integracii/crm/	commercial	price	5	НЧ
интеграция сайта с crm студия	/uslugi/integracii/crm/	commercial	vendor	5	НЧ
интеграция сайта с crm цена	/uslugi/integracii/crm/	commercial	price	5	НЧ
передача лидов в crm	/uslugi/integracii/crm/	commercial	base	4	СЧ
передача лидов в crm на заказ	/uslugi/integracii/crm/	commercial	order	6	НЧ
передача лидов в crm стоимость	/uslugi/integracii/crm/	commercial	price	5	НЧ
передача лидов в crm цена	/uslugi/integracii/crm/	commercial	price	5	НЧ
сколько стоит интеграция сайта с crm	/uslugi/integracii/crm/	commercial	price	6	НЧ
выгрузка товаров на озон	/uslugi/integracii/marketplejsy/	commercial	base	4	СЧ
выгрузка товаров на озон на заказ	/uslugi/integracii/marketplejsy/	commercial	order	6	НЧ
выгрузка товаров на озон стоимость	/uslugi/integracii/marketplejsy/	commercial	price	5	НЧ
выгрузка товаров на озон цена	/uslugi/integracii/marketplejsy/	commercial	price	5	НЧ
заказать интеграцию с маркетплейсами	/uslugi/integracii/marketplejsy/	commercial	order	4	СЧ
заказать интеграцию с маркетплейсами недорого	/uslugi/integracii/marketplejsy/	commercial	order	5	НЧ
интеграция с маркетплейсами	/uslugi/integracii/marketplejsy/	commercial	base	3	ВЧ
интеграция с маркетплейсами агентство	/uslugi/integracii/marketplejsy/	commercial	vendor	4	НЧ
интеграция с маркетплейсами компания	/uslugi/integracii/marketplejsy/	commercial	vendor	4	НЧ
интеграция с маркетплейсами на заказ	/uslugi/integracii/marketplejsy/	commercial	order	5	НЧ
интеграция с маркетплейсами недорого	/uslugi/integracii/marketplejsy/	commercial	price	4	СЧ
интеграция с маркетплейсами отзывы	/uslugi/integracii/marketplejsy/	commercial	vendor	4	НЧ
интеграция с маркетплейсами под ключ	/uslugi/integracii/marketplejsy/	commercial	base	5	НЧ
интеграция с маркетплейсами срочно	/uslugi/integracii/marketplejsy/	commercial	order	4	СЧ
интеграция с маркетплейсами стоимость	/uslugi/integracii/marketplejsy/	commercial	price	4	СЧ
интеграция с маркетплейсами студия	/uslugi/integracii/marketplejsy/	commercial	vendor	4	НЧ
интеграция с маркетплейсами цена	/uslugi/integracii/marketplejsy/	commercial	price	4	СЧ
интеграция с wildberries	/uslugi/integracii/marketplejsy/	commercial	base	3	ВЧ
интеграция с wildberries на заказ	/uslugi/integracii/marketplejsy/	commercial	order	5	НЧ
интеграция с wildberries стоимость	/uslugi/integracii/marketplejsy/	commercial	price	4	СЧ
интеграция с wildberries цена	/uslugi/integracii/marketplejsy/	commercial	price	4	СЧ
синхронизация остатков с маркетплейсами	/uslugi/integracii/marketplejsy/	commercial	base	4	СЧ
синхронизация остатков с маркетплейсами на заказ	/uslugi/integracii/marketplejsy/	commercial	order	6	НЧ
синхронизация остатков с маркетплейсами стоимость	/uslugi/integracii/marketplejsy/	commercial	price	5	НЧ
синхронизация остатков с маркетплейсами цена	/uslugi/integracii/marketplejsy/	commercial	price	5	НЧ
сколько стоит интеграция с маркетплейсами	/uslugi/integracii/marketplejsy/	commercial	price	5	НЧ
api маркетплейса подключение	/uslugi/integracii/marketplejsy/	commercial	base	3	ВЧ
api маркетплейса подключение на заказ	/uslugi/integracii/marketplejsy/	commercial	order	5	НЧ
api маркетплейса подключение стоимость	/uslugi/integracii/marketplejsy/	commercial	price	4	СЧ
api маркетплейса подключение цена	/uslugi/integracii/marketplejsy/	commercial	price	4	СЧ
заказать интеграцию оплаты	/uslugi/integracii/platezhnye-sistemy/	commercial	order	3	ВЧ
заказать интеграцию оплаты недорого	/uslugi/integracii/platezhnye-sistemy/	commercial	order	4	СЧ
интеграция платежной системы	/uslugi/integracii/platezhnye-sistemy/	commercial	base	3	ВЧ
интеграция платежной системы агентство	/uslugi/integracii/platezhnye-sistemy/	commercial	vendor	4	НЧ
интеграция платежной системы компания	/uslugi/integracii/platezhnye-sistemy/	commercial	vendor	4	НЧ
интеграция платежной системы на заказ	/uslugi/integracii/platezhnye-sistemy/	commercial	order	5	НЧ
интеграция платежной системы недорого	/uslugi/integracii/platezhnye-sistemy/	commercial	price	4	СЧ
интеграция платежной системы отзывы	/uslugi/integracii/platezhnye-sistemy/	commercial	vendor	4	НЧ
интеграция платежной системы под ключ	/uslugi/integracii/platezhnye-sistemy/	commercial	base	5	НЧ
интеграция платежной системы срочно	/uslugi/integracii/platezhnye-sistemy/	commercial	order	4	СЧ
интеграция платежной системы стоимость	/uslugi/integracii/platezhnye-sistemy/	commercial	price	4	СЧ
интеграция платежной системы студия	/uslugi/integracii/platezhnye-sistemy/	commercial	vendor	4	НЧ
интеграция платежной системы цена	/uslugi/integracii/platezhnye-sistemy/	commercial	price	4	СЧ
онлайн касса на сайт	/uslugi/integracii/platezhnye-sistemy/	commercial	base	4	СЧ
онлайн касса на сайт на заказ	/uslugi/integracii/platezhnye-sistemy/	commercial	order	6	НЧ
онлайн касса на сайт стоимость	/uslugi/integracii/platezhnye-sistemy/	commercial	price	5	НЧ
онлайн касса на сайт цена	/uslugi/integracii/platezhnye-sistemy/	commercial	price	5	НЧ
подключение юкассы	/uslugi/integracii/platezhnye-sistemy/	commercial	base	2	ВЧ
подключение юкассы на заказ	/uslugi/integracii/platezhnye-sistemy/	commercial	order	4	СЧ
подключение юкассы стоимость	/uslugi/integracii/platezhnye-sistemy/	commercial	price	3	СЧ
подключение юкассы цена	/uslugi/integracii/platezhnye-sistemy/	commercial	price	3	СЧ
подключить оплату на сайте	/uslugi/integracii/platezhnye-sistemy/	commercial	base	4	СЧ
подключить оплату на сайте на заказ	/uslugi/integracii/platezhnye-sistemy/	commercial	order	6	НЧ
подключить оплату на сайте стоимость	/uslugi/integracii/platezhnye-sistemy/	commercial	price	5	НЧ
подключить оплату на сайте цена	/uslugi/integracii/platezhnye-sistemy/	commercial	price	5	НЧ
прием платежей на сайте	/uslugi/integracii/platezhnye-sistemy/	commercial	base	4	СЧ
прием платежей на сайте на заказ	/uslugi/integracii/platezhnye-sistemy/	commercial	order	6	НЧ
прием платежей на сайте стоимость	/uslugi/integracii/platezhnye-sistemy/	commercial	price	5	НЧ
прием платежей на сайте цена	/uslugi/integracii/platezhnye-sistemy/	commercial	price	5	НЧ
сколько стоит интеграция платежной системы	/uslugi/integracii/platezhnye-sistemy/	commercial	price	5	НЧ
эквайринг на сайт подключение	/uslugi/integracii/platezhnye-sistemy/	commercial	base	4	СЧ
эквайринг на сайт подключение на заказ	/uslugi/integracii/platezhnye-sistemy/	commercial	order	6	НЧ
эквайринг на сайт подключение стоимость	/uslugi/integracii/platezhnye-sistemy/	commercial	price	5	НЧ
эквайринг на сайт подключение цена	/uslugi/integracii/platezhnye-sistemy/	commercial	price	5	НЧ
заказать интеграцию доставки	/uslugi/integracii/sluzhby-dostavki/	commercial	order	3	ВЧ
заказать интеграцию доставки недорого	/uslugi/integracii/sluzhby-dostavki/	commercial	order	4	СЧ
интеграция с почтой россии	/uslugi/integracii/sluzhby-dostavki/	commercial	base	4	СЧ
интеграция с почтой россии на заказ	/uslugi/integracii/sluzhby-dostavki/	commercial	order	6	НЧ
интеграция с почтой россии стоимость	/uslugi/integracii/sluzhby-dostavki/	commercial	price	5	НЧ
интеграция с почтой россии цена	/uslugi/integracii/sluzhby-dostavki/	commercial	price	5	НЧ
интеграция служб доставки	/uslugi/integracii/sluzhby-dostavki/	commercial	base	3	ВЧ
интеграция служб доставки агентство	/uslugi/integracii/sluzhby-dostavki/	commercial	vendor	4	НЧ
интеграция служб доставки компания	/uslugi/integracii/sluzhby-dostavki/	commercial	vendor	4	НЧ
интеграция служб доставки на заказ	/uslugi/integracii/sluzhby-dostavki/	commercial	order	5	НЧ
интеграция служб доставки недорого	/uslugi/integracii/sluzhby-dostavki/	commercial	price	4	СЧ
интеграция служб доставки отзывы	/uslugi/integracii/sluzhby-dostavki/	commercial	vendor	4	НЧ
интеграция служб доставки под ключ	/uslugi/integracii/sluzhby-dostavki/	commercial	base	5	НЧ
интеграция служб доставки срочно	/uslugi/integracii/sluzhby-dostavki/	commercial	order	4	СЧ
интеграция служб доставки стоимость	/uslugi/integracii/sluzhby-dostavki/	commercial	price	4	СЧ
интеграция служб доставки студия	/uslugi/integracii/sluzhby-dostavki/	commercial	vendor	4	НЧ
интеграция служб доставки цена	/uslugi/integracii/sluzhby-dostavki/	commercial	price	4	СЧ
калькулятор доставки на сайт	/uslugi/integracii/sluzhby-dostavki/	commercial	base	4	СЧ
калькулятор доставки на сайт на заказ	/uslugi/integracii/sluzhby-dostavki/	commercial	order	6	НЧ
калькулятор доставки на сайт стоимость	/uslugi/integracii/sluzhby-dostavki/	commercial	price	5	НЧ
калькулятор доставки на сайт цена	/uslugi/integracii/sluzhby-dostavki/	commercial	price	5	НЧ
подключить сдэк к сайту	/uslugi/integracii/sluzhby-dostavki/	commercial	base	4	СЧ
подключить сдэк к сайту на заказ	/uslugi/integracii/sluzhby-dostavki/	commercial	order	6	НЧ
подключить сдэк к сайту стоимость	/uslugi/integracii/sluzhby-dostavki/	commercial	price	5	НЧ
подключить сдэк к сайту цена	/uslugi/integracii/sluzhby-dostavki/	commercial	price	5	НЧ
расчет доставки на сайте	/uslugi/integracii/sluzhby-dostavki/	commercial	base	4	СЧ
расчет доставки на сайте на заказ	/uslugi/integracii/sluzhby-dostavki/	commercial	order	6	НЧ
расчет доставки на сайте стоимость	/uslugi/integracii/sluzhby-dostavki/	commercial	price	5	НЧ
расчет доставки на сайте цена	/uslugi/integracii/sluzhby-dostavki/	commercial	price	5	НЧ
сколько стоит интеграция служб доставки	/uslugi/integracii/sluzhby-dostavki/	commercial	price	5	НЧ
заказать интеграцию телефонии	/uslugi/integracii/telefoniya-i-messendzhery/	commercial	order	3	ВЧ
заказать интеграцию телефонии недорого	/uslugi/integracii/telefoniya-i-messendzhery/	commercial	order	4	СЧ
заявки в whatsapp с сайта	/uslugi/integracii/telefoniya-i-messendzhery/	commercial	base	5	НЧ
заявки в whatsapp с сайта на заказ	/uslugi/integracii/telefoniya-i-messendzhery/	commercial	order	7	НЧ
заявки в whatsapp с сайта стоимость	/uslugi/integracii/telefoniya-i-messendzhery/	commercial	price	6	НЧ
заявки в whatsapp с сайта цена	/uslugi/integracii/telefoniya-i-messendzhery/	commercial	price	6	НЧ
интеграция с мессенджерами	/uslugi/integracii/telefoniya-i-messendzhery/	commercial	base	3	ВЧ
интеграция с мессенджерами на заказ	/uslugi/integracii/telefoniya-i-messendzhery/	commercial	order	5	НЧ
интеграция с мессенджерами стоимость	/uslugi/integracii/telefoniya-i-messendzhery/	commercial	price	4	СЧ
интеграция с мессенджерами цена	/uslugi/integracii/telefoniya-i-messendzhery/	commercial	price	4	СЧ
интеграция телефонии с сайтом	/uslugi/integracii/telefoniya-i-messendzhery/	commercial	base	4	СЧ
интеграция телефонии с сайтом агентство	/uslugi/integracii/telefoniya-i-messendzhery/	commercial	vendor	5	НЧ
интеграция телефонии с сайтом компания	/uslugi/integracii/telefoniya-i-messendzhery/	commercial	vendor	5	НЧ
интеграция телефонии с сайтом на заказ	/uslugi/integracii/telefoniya-i-messendzhery/	commercial	order	6	НЧ
интеграция телефонии с сайтом недорого	/uslugi/integracii/telefoniya-i-messendzhery/	commercial	price	5	НЧ
интеграция телефонии с сайтом отзывы	/uslugi/integracii/telefoniya-i-messendzhery/	commercial	vendor	5	НЧ
интеграция телефонии с сайтом под ключ	/uslugi/integracii/telefoniya-i-messendzhery/	commercial	base	6	НЧ
интеграция телефонии с сайтом срочно	/uslugi/integracii/telefoniya-i-messendzhery/	commercial	order	5	НЧ
интеграция телефонии с сайтом стоимость	/uslugi/integracii/telefoniya-i-messendzhery/	commercial	price	5	НЧ
интеграция телефонии с сайтом студия	/uslugi/integracii/telefoniya-i-messendzhery/	commercial	vendor	5	НЧ
интеграция телефонии с сайтом цена	/uslugi/integracii/telefoniya-i-messendzhery/	commercial	price	5	НЧ
подключить телефонию к сайту	/uslugi/integracii/telefoniya-i-messendzhery/	commercial	base	4	СЧ
подключить телефонию к сайту на заказ	/uslugi/integracii/telefoniya-i-messendzhery/	commercial	order	6	НЧ
подключить телефонию к сайту стоимость	/uslugi/integracii/telefoniya-i-messendzhery/	commercial	price	5	НЧ
подключить телефонию к сайту цена	/uslugi/integracii/telefoniya-i-messendzhery/	commercial	price	5	НЧ
сколько стоит интеграция телефонии с сайтом	/uslugi/integracii/telefoniya-i-messendzhery/	commercial	price	6	НЧ
уведомления в телеграм с сайта	/uslugi/integracii/telefoniya-i-messendzhery/	commercial	base	5	НЧ
уведомления в телеграм с сайта на заказ	/uslugi/integracii/telefoniya-i-messendzhery/	commercial	order	7	НЧ
уведомления в телеграм с сайта стоимость	/uslugi/integracii/telefoniya-i-messendzhery/	commercial	price	6	НЧ
уведомления в телеграм с сайта цена	/uslugi/integracii/telefoniya-i-messendzhery/	commercial	price	6	НЧ
заказать интернет магазин	/uslugi/internet-magazin/	commercial	order	3	ВЧ
заказать интернет магазин в москве	/uslugi/internet-magazin/	commercial	geo	5	НЧ
заказать интернет магазин недорого	/uslugi/internet-magazin/	commercial	order	4	СЧ
интернет магазин под ключ	/uslugi/internet-magazin/	commercial	base	4	СЧ
интернет магазин под ключ в москве	/uslugi/internet-magazin/	commercial	geo	6	НЧ
интернет магазин под ключ москва	/uslugi/internet-magazin/	commercial	geo	5	НЧ
интернет магазин под ключ на заказ	/uslugi/internet-magazin/	commercial	order	6	НЧ
интернет магазин под ключ стоимость	/uslugi/internet-magazin/	commercial	price	5	НЧ
интернет магазин под ключ цена	/uslugi/internet-magazin/	commercial	price	5	НЧ
интернет магазин под ключ цена москва	/uslugi/internet-magazin/	commercial	geo	6	НЧ
разработка интернет магазина	/uslugi/internet-magazin/	commercial	base	3	ВЧ
разработка интернет магазина агентство	/uslugi/internet-magazin/	commercial	vendor	4	НЧ
разработка интернет магазина в москве	/uslugi/internet-magazin/	commercial	geo	5	НЧ
разработка интернет магазина компания	/uslugi/internet-magazin/	commercial	vendor	4	НЧ
разработка интернет магазина москва	/uslugi/internet-magazin/	commercial	geo	4	СЧ
разработка интернет магазина на заказ	/uslugi/internet-magazin/	commercial	order	5	НЧ
разработка интернет магазина недорого	/uslugi/internet-magazin/	commercial	price	4	СЧ
разработка интернет магазина отзывы	/uslugi/internet-magazin/	commercial	vendor	4	НЧ
разработка интернет магазина под ключ	/uslugi/internet-magazin/	commercial	base	5	НЧ
разработка интернет магазина срочно	/uslugi/internet-magazin/	commercial	order	4	СЧ
разработка интернет магазина стоимость	/uslugi/internet-magazin/	commercial	price	4	СЧ
разработка интернет магазина студия	/uslugi/internet-magazin/	commercial	vendor	4	НЧ
разработка интернет магазина цена	/uslugi/internet-magazin/	commercial	price	4	СЧ
разработка интернет магазина цена москва	/uslugi/internet-magazin/	commercial	geo	5	НЧ
разработка ecommerce	/uslugi/internet-magazin/	commercial	base	2	ВЧ
разработка ecommerce на заказ	/uslugi/internet-magazin/	commercial	order	4	СЧ
разработка ecommerce стоимость	/uslugi/internet-magazin/	commercial	price	3	СЧ
разработка ecommerce цена	/uslugi/internet-magazin/	commercial	price	3	СЧ
сайт для продажи товаров	/uslugi/internet-magazin/	commercial	base	4	СЧ
сайт для продажи товаров на заказ	/uslugi/internet-magazin/	commercial	order	6	НЧ
сайт для продажи товаров стоимость	/uslugi/internet-magazin/	commercial	price	5	НЧ
сайт для продажи товаров цена	/uslugi/internet-magazin/	commercial	price	5	НЧ
сделать интернет магазин	/uslugi/internet-magazin/	commercial	base	3	ВЧ
сделать интернет магазин на заказ	/uslugi/internet-magazin/	commercial	order	5	НЧ
сделать интернет магазин стоимость	/uslugi/internet-magazin/	commercial	price	4	СЧ
сделать интернет магазин цена	/uslugi/internet-magazin/	commercial	price	4	СЧ
сколько стоит разработка интернет магазина	/uslugi/internet-magazin/	commercial	price	5	НЧ
создание интернет магазина	/uslugi/internet-magazin/	commercial	base	3	ВЧ
создание интернет магазина в москве	/uslugi/internet-magazin/	commercial	geo	5	НЧ
создание интернет магазина москва	/uslugi/internet-magazin/	commercial	geo	4	СЧ
создание интернет магазина на заказ	/uslugi/internet-magazin/	commercial	order	5	НЧ
создание интернет магазина стоимость	/uslugi/internet-magazin/	commercial	price	4	СЧ
создание интернет магазина цена	/uslugi/internet-magazin/	commercial	price	4	СЧ
создание интернет магазина цена москва	/uslugi/internet-magazin/	commercial	geo	5	НЧ
заказать b2b портал	/uslugi/internet-magazin/b2b-portal/	commercial	order	3	ВЧ
заказать b2b портал недорого	/uslugi/internet-magazin/b2b-portal/	commercial	order	4	СЧ
личный кабинет дилера	/uslugi/internet-magazin/b2b-portal/	commercial	base	3	ВЧ
личный кабинет дилера на заказ	/uslugi/internet-magazin/b2b-portal/	commercial	order	5	НЧ
личный кабинет дилера стоимость	/uslugi/internet-magazin/b2b-portal/	commercial	price	4	СЧ
личный кабинет дилера цена	/uslugi/internet-magazin/b2b-portal/	commercial	price	4	СЧ
оптовый интернет магазин разработка	/uslugi/internet-magazin/b2b-portal/	commercial	base	4	СЧ
оптовый интернет магазин разработка на заказ	/uslugi/internet-magazin/b2b-portal/	commercial	order	6	НЧ
оптовый интернет магазин разработка стоимость	/uslugi/internet-magazin/b2b-portal/	commercial	price	5	НЧ
оптовый интернет магазин разработка цена	/uslugi/internet-magazin/b2b-portal/	commercial	price	5	НЧ
портал для оптовых клиентов	/uslugi/internet-magazin/b2b-portal/	commercial	base	4	СЧ
портал для оптовых клиентов на заказ	/uslugi/internet-magazin/b2b-portal/	commercial	order	6	НЧ
портал для оптовых клиентов стоимость	/uslugi/internet-magazin/b2b-portal/	commercial	price	5	НЧ
портал для оптовых клиентов цена	/uslugi/internet-magazin/b2b-portal/	commercial	price	5	НЧ
разработка b2b портала	/uslugi/internet-magazin/b2b-portal/	commercial	base	3	ВЧ
разработка b2b портала агентство	/uslugi/internet-magazin/b2b-portal/	commercial	vendor	4	НЧ
разработка b2b портала компания	/uslugi/internet-magazin/b2b-portal/	commercial	vendor	4	НЧ
разработка b2b портала на заказ	/uslugi/internet-magazin/b2b-portal/	commercial	order	5	НЧ
разработка b2b портала недорого	/uslugi/internet-magazin/b2b-portal/	commercial	price	4	СЧ
разработка b2b портала отзывы	/uslugi/internet-magazin/b2b-portal/	commercial	vendor	4	НЧ
разработка b2b портала под ключ	/uslugi/internet-magazin/b2b-portal/	commercial	base	5	НЧ
разработка b2b портала срочно	/uslugi/internet-magazin/b2b-portal/	commercial	order	4	СЧ
разработка b2b портала стоимость	/uslugi/internet-magazin/b2b-portal/	commercial	price	4	СЧ
разработка b2b портала студия	/uslugi/internet-magazin/b2b-portal/	commercial	vendor	4	НЧ
разработка b2b портала цена	/uslugi/internet-magazin/b2b-portal/	commercial	price	4	СЧ
сколько стоит разработка b2b портала	/uslugi/internet-magazin/b2b-portal/	commercial	price	5	НЧ
b2b платформа разработка	/uslugi/internet-magazin/b2b-portal/	commercial	base	3	ВЧ
b2b платформа разработка на заказ	/uslugi/internet-magazin/b2b-portal/	commercial	order	5	НЧ
b2b платформа разработка стоимость	/uslugi/internet-magazin/b2b-portal/	commercial	price	4	СЧ
b2b платформа разработка цена	/uslugi/internet-magazin/b2b-portal/	commercial	price	4	СЧ
заказать маркетплейс	/uslugi/internet-magazin/marketplejs/	commercial	order	2	ВЧ
заказать маркетплейс недорого	/uslugi/internet-magazin/marketplejs/	commercial	order	3	ВЧ
маркетплейс под ключ	/uslugi/internet-magazin/marketplejs/	commercial	base	3	ВЧ
маркетплейс под ключ на заказ	/uslugi/internet-magazin/marketplejs/	commercial	order	5	НЧ
маркетплейс под ключ стоимость	/uslugi/internet-magazin/marketplejs/	commercial	price	4	СЧ
маркетплейс под ключ цена	/uslugi/internet-magazin/marketplejs/	commercial	price	4	СЧ
нишевый маркетплейс разработка	/uslugi/internet-magazin/marketplejs/	commercial	base	3	ВЧ
нишевый маркетплейс разработка на заказ	/uslugi/internet-magazin/marketplejs/	commercial	order	5	НЧ
нишевый маркетплейс разработка стоимость	/uslugi/internet-magazin/marketplejs/	commercial	price	4	СЧ
нишевый маркетплейс разработка цена	/uslugi/internet-magazin/marketplejs/	commercial	price	4	СЧ
площадка объявлений разработка	/uslugi/internet-magazin/marketplejs/	commercial	base	3	ВЧ
площадка объявлений разработка на заказ	/uslugi/internet-magazin/marketplejs/	commercial	order	5	НЧ
площадка объявлений разработка стоимость	/uslugi/internet-magazin/marketplejs/	commercial	price	4	СЧ
площадка объявлений разработка цена	/uslugi/internet-magazin/marketplejs/	commercial	price	4	СЧ
разработка маркетплейса	/uslugi/internet-magazin/marketplejs/	commercial	base	2	ВЧ
разработка маркетплейса агентство	/uslugi/internet-magazin/marketplejs/	commercial	vendor	3	НЧ
разработка маркетплейса компания	/uslugi/internet-magazin/marketplejs/	commercial	vendor	3	НЧ
разработка маркетплейса на заказ	/uslugi/internet-magazin/marketplejs/	commercial	order	4	СЧ
разработка маркетплейса недорого	/uslugi/internet-magazin/marketplejs/	commercial	price	3	СЧ
разработка маркетплейса отзывы	/uslugi/internet-magazin/marketplejs/	commercial	vendor	3	НЧ
разработка маркетплейса под ключ	/uslugi/internet-magazin/marketplejs/	commercial	base	4	СЧ
разработка маркетплейса срочно	/uslugi/internet-magazin/marketplejs/	commercial	order	3	ВЧ
разработка маркетплейса стоимость	/uslugi/internet-magazin/marketplejs/	commercial	price	3	СЧ
разработка маркетплейса студия	/uslugi/internet-magazin/marketplejs/	commercial	vendor	3	НЧ
разработка маркетплейса цена	/uslugi/internet-magazin/marketplejs/	commercial	price	3	СЧ
сайт агрегатор разработка	/uslugi/internet-magazin/marketplejs/	commercial	base	3	ВЧ
сайт агрегатор разработка на заказ	/uslugi/internet-magazin/marketplejs/	commercial	order	5	НЧ
сайт агрегатор разработка стоимость	/uslugi/internet-magazin/marketplejs/	commercial	price	4	СЧ
сайт агрегатор разработка цена	/uslugi/internet-magazin/marketplejs/	commercial	price	4	СЧ
сколько стоит разработка маркетплейса	/uslugi/internet-magazin/marketplejs/	commercial	price	4	СЧ
создание маркетплейса	/uslugi/internet-magazin/marketplejs/	commercial	base	2	ВЧ
создание маркетплейса на заказ	/uslugi/internet-magazin/marketplejs/	commercial	order	4	СЧ
создание маркетплейса стоимость	/uslugi/internet-magazin/marketplejs/	commercial	price	3	СЧ
создание маркетплейса цена	/uslugi/internet-magazin/marketplejs/	commercial	price	3	СЧ
заказать мобильное приложение	/uslugi/mobilnye-prilozheniya/	commercial	order	3	ВЧ
заказать мобильное приложение в москве	/uslugi/mobilnye-prilozheniya/	commercial	geo	5	НЧ
заказать мобильное приложение недорого	/uslugi/mobilnye-prilozheniya/	commercial	order	4	СЧ
заказать приложение для телефона	/uslugi/mobilnye-prilozheniya/	commercial	base	4	СЧ
заказать приложение для телефона на заказ	/uslugi/mobilnye-prilozheniya/	commercial	order	6	НЧ
заказать приложение для телефона стоимость	/uslugi/mobilnye-prilozheniya/	commercial	price	5	НЧ
заказать приложение для телефона цена	/uslugi/mobilnye-prilozheniya/	commercial	price	5	НЧ
мобильное приложение под ключ	/uslugi/mobilnye-prilozheniya/	commercial	base	4	СЧ
мобильное приложение под ключ в москве	/uslugi/mobilnye-prilozheniya/	commercial	geo	6	НЧ
мобильное приложение под ключ москва	/uslugi/mobilnye-prilozheniya/	commercial	geo	5	НЧ
мобильное приложение под ключ на заказ	/uslugi/mobilnye-prilozheniya/	commercial	order	6	НЧ
мобильное приложение под ключ стоимость	/uslugi/mobilnye-prilozheniya/	commercial	price	5	НЧ
мобильное приложение под ключ цена	/uslugi/mobilnye-prilozheniya/	commercial	price	5	НЧ
мобильное приложение под ключ цена москва	/uslugi/mobilnye-prilozheniya/	commercial	geo	6	НЧ
приложение для android и ios разработка	/uslugi/mobilnye-prilozheniya/	commercial	base	6	НЧ
приложение для android и ios разработка на заказ	/uslugi/mobilnye-prilozheniya/	commercial	order	8	НЧ
приложение для android и ios разработка стоимость	/uslugi/mobilnye-prilozheniya/	commercial	price	7	НЧ
приложение для android и ios разработка цена	/uslugi/mobilnye-prilozheniya/	commercial	price	7	НЧ
разработка мобильного приложения	/uslugi/mobilnye-prilozheniya/	commercial	base	3	ВЧ
разработка мобильного приложения агентство	/uslugi/mobilnye-prilozheniya/	commercial	vendor	4	НЧ
разработка мобильного приложения в москве	/uslugi/mobilnye-prilozheniya/	commercial	geo	5	НЧ
разработка мобильного приложения компания	/uslugi/mobilnye-prilozheniya/	commercial	vendor	4	НЧ
разработка мобильного приложения москва	/uslugi/mobilnye-prilozheniya/	commercial	geo	4	СЧ
разработка мобильного приложения на заказ	/uslugi/mobilnye-prilozheniya/	commercial	order	5	НЧ
разработка мобильного приложения недорого	/uslugi/mobilnye-prilozheniya/	commercial	price	4	СЧ
разработка мобильного приложения отзывы	/uslugi/mobilnye-prilozheniya/	commercial	vendor	4	НЧ
разработка мобильного приложения под ключ	/uslugi/mobilnye-prilozheniya/	commercial	base	5	НЧ
разработка мобильного приложения срочно	/uslugi/mobilnye-prilozheniya/	commercial	order	4	СЧ
разработка мобильного приложения стоимость	/uslugi/mobilnye-prilozheniya/	commercial	price	4	СЧ
разработка мобильного приложения студия	/uslugi/mobilnye-prilozheniya/	commercial	vendor	4	НЧ
разработка мобильного приложения цена	/uslugi/mobilnye-prilozheniya/	commercial	price	4	СЧ
разработка мобильного приложения цена москва	/uslugi/mobilnye-prilozheniya/	commercial	geo	5	НЧ
сколько стоит разработка мобильного приложения	/uslugi/mobilnye-prilozheniya/	commercial	price	5	НЧ
создание мобильного приложения	/uslugi/mobilnye-prilozheniya/	commercial	base	3	ВЧ
создание мобильного приложения в москве	/uslugi/mobilnye-prilozheniya/	commercial	geo	5	НЧ
создание мобильного приложения москва	/uslugi/mobilnye-prilozheniya/	commercial	geo	4	СЧ
создание мобильного приложения на заказ	/uslugi/mobilnye-prilozheniya/	commercial	order	5	НЧ
создание мобильного приложения стоимость	/uslugi/mobilnye-prilozheniya/	commercial	price	4	СЧ
создание мобильного приложения цена	/uslugi/mobilnye-prilozheniya/	commercial	price	4	СЧ
создание мобильного приложения цена москва	/uslugi/mobilnye-prilozheniya/	commercial	geo	5	НЧ
заказать pwa приложение	/uslugi/mobilnye-prilozheniya/pwa/	commercial	order	3	ВЧ
заказать pwa приложение недорого	/uslugi/mobilnye-prilozheniya/pwa/	commercial	order	4	СЧ
приложение без магазина приложений	/uslugi/mobilnye-prilozheniya/pwa/	commercial	base	4	СЧ
приложение без магазина приложений на заказ	/uslugi/mobilnye-prilozheniya/pwa/	commercial	order	6	НЧ
приложение без магазина приложений стоимость	/uslugi/mobilnye-prilozheniya/pwa/	commercial	price	5	НЧ
приложение без магазина приложений цена	/uslugi/mobilnye-prilozheniya/pwa/	commercial	price	5	НЧ
прогрессивное веб приложение разработка	/uslugi/mobilnye-prilozheniya/pwa/	commercial	base	4	СЧ
прогрессивное веб приложение разработка на заказ	/uslugi/mobilnye-prilozheniya/pwa/	commercial	order	6	НЧ
прогрессивное веб приложение разработка стоимость	/uslugi/mobilnye-prilozheniya/pwa/	commercial	price	5	НЧ
прогрессивное веб приложение разработка цена	/uslugi/mobilnye-prilozheniya/pwa/	commercial	price	5	НЧ
разработка pwa	/uslugi/mobilnye-prilozheniya/pwa/	commercial	base	2	ВЧ
разработка pwa агентство	/uslugi/mobilnye-prilozheniya/pwa/	commercial	vendor	3	НЧ
разработка pwa компания	/uslugi/mobilnye-prilozheniya/pwa/	commercial	vendor	3	НЧ
разработка pwa на заказ	/uslugi/mobilnye-prilozheniya/pwa/	commercial	order	4	СЧ
разработка pwa недорого	/uslugi/mobilnye-prilozheniya/pwa/	commercial	price	3	СЧ
разработка pwa отзывы	/uslugi/mobilnye-prilozheniya/pwa/	commercial	vendor	3	НЧ
разработка pwa под ключ	/uslugi/mobilnye-prilozheniya/pwa/	commercial	base	4	СЧ
разработка pwa срочно	/uslugi/mobilnye-prilozheniya/pwa/	commercial	order	3	ВЧ
разработка pwa стоимость	/uslugi/mobilnye-prilozheniya/pwa/	commercial	price	3	СЧ
разработка pwa студия	/uslugi/mobilnye-prilozheniya/pwa/	commercial	vendor	3	НЧ
разработка pwa цена	/uslugi/mobilnye-prilozheniya/pwa/	commercial	price	3	СЧ
сколько стоит разработка pwa	/uslugi/mobilnye-prilozheniya/pwa/	commercial	price	4	СЧ
pwa вместо мобильного приложения	/uslugi/mobilnye-prilozheniya/pwa/	commercial	base	4	СЧ
pwa вместо мобильного приложения на заказ	/uslugi/mobilnye-prilozheniya/pwa/	commercial	order	6	НЧ
pwa вместо мобильного приложения стоимость	/uslugi/mobilnye-prilozheniya/pwa/	commercial	price	5	НЧ
pwa вместо мобильного приложения цена	/uslugi/mobilnye-prilozheniya/pwa/	commercial	price	5	НЧ
заказать перенос сайта	/uslugi/perenos-sajta/	commercial	order	3	ВЧ
заказать перенос сайта недорого	/uslugi/perenos-sajta/	commercial	order	4	СЧ
миграция сайта	/uslugi/perenos-sajta/	commercial	base	2	ВЧ
миграция сайта на заказ	/uslugi/perenos-sajta/	commercial	order	4	СЧ
миграция сайта стоимость	/uslugi/perenos-sajta/	commercial	price	3	СЧ
миграция сайта цена	/uslugi/perenos-sajta/	commercial	price	3	СЧ
перенести сайт на другой движок	/uslugi/perenos-sajta/	commercial	base	5	НЧ
перенести сайт на другой движок на заказ	/uslugi/perenos-sajta/	commercial	order	7	НЧ
перенести сайт на другой движок стоимость	/uslugi/perenos-sajta/	commercial	price	6	НЧ
перенести сайт на другой движок цена	/uslugi/perenos-sajta/	commercial	price	6	НЧ
перенос сайта	/uslugi/perenos-sajta/	commercial	base	2	ВЧ
перенос сайта агентство	/uslugi/perenos-sajta/	commercial	vendor	3	НЧ
перенос сайта компания	/uslugi/perenos-sajta/	commercial	vendor	3	НЧ
перенос сайта на другой хостинг	/uslugi/perenos-sajta/	commercial	base	5	НЧ
перенос сайта на другой хостинг на заказ	/uslugi/perenos-sajta/	commercial	order	7	НЧ
перенос сайта на другой хостинг стоимость	/uslugi/perenos-sajta/	commercial	price	6	НЧ
перенос сайта на другой хостинг цена	/uslugi/perenos-sajta/	commercial	price	6	НЧ
перенос сайта на заказ	/uslugi/perenos-sajta/	commercial	order	4	СЧ
перенос сайта недорого	/uslugi/perenos-sajta/	commercial	price	3	СЧ
перенос сайта отзывы	/uslugi/perenos-sajta/	commercial	vendor	3	НЧ
перенос сайта под ключ	/uslugi/perenos-sajta/	commercial	base	4	СЧ
перенос сайта срочно	/uslugi/perenos-sajta/	commercial	order	3	ВЧ
перенос сайта стоимость	/uslugi/perenos-sajta/	commercial	price	3	СЧ
перенос сайта студия	/uslugi/perenos-sajta/	commercial	vendor	3	НЧ
перенос сайта цена	/uslugi/perenos-sajta/	commercial	price	3	СЧ
сколько стоит перенос сайта	/uslugi/perenos-sajta/	commercial	price	4	СЧ
смена движка сайта	/uslugi/perenos-sajta/	commercial	base	3	ВЧ
смена движка сайта на заказ	/uslugi/perenos-sajta/	commercial	order	5	НЧ
смена движка сайта стоимость	/uslugi/perenos-sajta/	commercial	price	4	СЧ
смена движка сайта цена	/uslugi/perenos-sajta/	commercial	price	4	СЧ
заказать перенос с тильды	/uslugi/perenos-sajta/perenos-s-tildy/	commercial	order	4	СЧ
заказать перенос с тильды недорого	/uslugi/perenos-sajta/perenos-s-tildy/	commercial	order	5	НЧ
переехать с тильды на свой сайт	/uslugi/perenos-sajta/perenos-s-tildy/	commercial	base	6	НЧ
переехать с тильды на свой сайт на заказ	/uslugi/perenos-sajta/perenos-s-tildy/	commercial	order	8	НЧ
переехать с тильды на свой сайт стоимость	/uslugi/perenos-sajta/perenos-s-tildy/	commercial	price	7	НЧ
переехать с тильды на свой сайт цена	/uslugi/perenos-sajta/perenos-s-tildy/	commercial	price	7	НЧ
перенос сайта с тильды	/uslugi/perenos-sajta/perenos-s-tildy/	commercial	base	4	СЧ
перенос сайта с тильды агентство	/uslugi/perenos-sajta/perenos-s-tildy/	commercial	vendor	5	НЧ
перенос сайта с тильды компания	/uslugi/perenos-sajta/perenos-s-tildy/	commercial	vendor	5	НЧ
перенос сайта с тильды на заказ	/uslugi/perenos-sajta/perenos-s-tildy/	commercial	order	6	НЧ
перенос сайта с тильды недорого	/uslugi/perenos-sajta/perenos-s-tildy/	commercial	price	5	НЧ
перенос сайта с тильды отзывы	/uslugi/perenos-sajta/perenos-s-tildy/	commercial	vendor	5	НЧ
перенос сайта с тильды под ключ	/uslugi/perenos-sajta/perenos-s-tildy/	commercial	base	6	НЧ
перенос сайта с тильды срочно	/uslugi/perenos-sajta/perenos-s-tildy/	commercial	order	5	НЧ
перенос сайта с тильды стоимость	/uslugi/perenos-sajta/perenos-s-tildy/	commercial	price	5	НЧ
перенос сайта с тильды студия	/uslugi/perenos-sajta/perenos-s-tildy/	commercial	vendor	5	НЧ
перенос сайта с тильды цена	/uslugi/perenos-sajta/perenos-s-tildy/	commercial	price	5	НЧ
сколько стоит перенос сайта с тильды	/uslugi/perenos-sajta/perenos-s-tildy/	commercial	price	6	НЧ
тильда тормозит что делать	/uslugi/perenos-sajta/perenos-s-tildy/	commercial	base	4	СЧ
тильда тормозит что делать на заказ	/uslugi/perenos-sajta/perenos-s-tildy/	commercial	order	6	НЧ
тильда тормозит что делать стоимость	/uslugi/perenos-sajta/perenos-s-tildy/	commercial	price	5	НЧ
тильда тормозит что делать цена	/uslugi/perenos-sajta/perenos-s-tildy/	commercial	price	5	НЧ
уйти с тильды	/uslugi/perenos-sajta/perenos-s-tildy/	commercial	base	3	ВЧ
уйти с тильды на заказ	/uslugi/perenos-sajta/perenos-s-tildy/	commercial	order	5	НЧ
уйти с тильды стоимость	/uslugi/perenos-sajta/perenos-s-tildy/	commercial	price	4	СЧ
уйти с тильды цена	/uslugi/perenos-sajta/perenos-s-tildy/	commercial	price	4	СЧ
экспорт сайта с tilda	/uslugi/perenos-sajta/perenos-s-tildy/	commercial	base	4	СЧ
экспорт сайта с tilda на заказ	/uslugi/perenos-sajta/perenos-s-tildy/	commercial	order	6	НЧ
экспорт сайта с tilda стоимость	/uslugi/perenos-sajta/perenos-s-tildy/	commercial	price	5	НЧ
экспорт сайта с tilda цена	/uslugi/perenos-sajta/perenos-s-tildy/	commercial	price	5	НЧ
абонентское обслуживание сайта	/uslugi/podderzhka-sajta/	commercial	base	3	ВЧ
абонентское обслуживание сайта на заказ	/uslugi/podderzhka-sajta/	commercial	order	5	НЧ
абонентское обслуживание сайта стоимость	/uslugi/podderzhka-sajta/	commercial	price	4	СЧ
абонентское обслуживание сайта цена	/uslugi/podderzhka-sajta/	commercial	price	4	СЧ
администрирование сайта	/uslugi/podderzhka-sajta/	commercial	base	2	ВЧ
администрирование сайта на заказ	/uslugi/podderzhka-sajta/	commercial	order	4	СЧ
администрирование сайта стоимость	/uslugi/podderzhka-sajta/	commercial	price	3	СЧ
администрирование сайта цена	/uslugi/podderzhka-sajta/	commercial	price	3	СЧ
заказать поддержку сайта	/uslugi/podderzhka-sajta/	commercial	order	3	ВЧ
заказать поддержку сайта в москве	/uslugi/podderzhka-sajta/	commercial	geo	5	НЧ
заказать поддержку сайта недорого	/uslugi/podderzhka-sajta/	commercial	order	4	СЧ
обслуживание сайта	/uslugi/podderzhka-sajta/	commercial	base	2	ВЧ
обслуживание сайта на заказ	/uslugi/podderzhka-sajta/	commercial	order	4	СЧ
обслуживание сайта стоимость	/uslugi/podderzhka-sajta/	commercial	price	3	СЧ
обслуживание сайта цена	/uslugi/podderzhka-sajta/	commercial	price	3	СЧ
поддержка сайта	/uslugi/podderzhka-sajta/	commercial	base	2	ВЧ
поддержка сайта в москве	/uslugi/podderzhka-sajta/	commercial	geo	4	СЧ
поддержка сайта москва	/uslugi/podderzhka-sajta/	commercial	geo	3	СЧ
поддержка сайта на заказ	/uslugi/podderzhka-sajta/	commercial	order	4	СЧ
поддержка сайта стоимость	/uslugi/podderzhka-sajta/	commercial	price	3	СЧ
поддержка сайта цена	/uslugi/podderzhka-sajta/	commercial	price	3	СЧ
поддержка сайта цена москва	/uslugi/podderzhka-sajta/	commercial	geo	4	СЧ
сколько стоит техническая поддержка сайта	/uslugi/podderzhka-sajta/	commercial	price	5	НЧ
сопровождение сайта	/uslugi/podderzhka-sajta/	commercial	base	2	ВЧ
сопровождение сайта на заказ	/uslugi/podderzhka-sajta/	commercial	order	4	СЧ
сопровождение сайта стоимость	/uslugi/podderzhka-sajta/	commercial	price	3	СЧ
сопровождение сайта цена	/uslugi/podderzhka-sajta/	commercial	price	3	СЧ
техническая поддержка сайта	/uslugi/podderzhka-sajta/	commercial	base	3	ВЧ
техническая поддержка сайта агентство	/uslugi/podderzhka-sajta/	commercial	vendor	4	НЧ
техническая поддержка сайта в москве	/uslugi/podderzhka-sajta/	commercial	geo	5	НЧ
техническая поддержка сайта компания	/uslugi/podderzhka-sajta/	commercial	vendor	4	НЧ
техническая поддержка сайта москва	/uslugi/podderzhka-sajta/	commercial	geo	4	СЧ
техническая поддержка сайта на заказ	/uslugi/podderzhka-sajta/	commercial	order	5	НЧ
техническая поддержка сайта недорого	/uslugi/podderzhka-sajta/	commercial	price	4	СЧ
техническая поддержка сайта отзывы	/uslugi/podderzhka-sajta/	commercial	vendor	4	НЧ
техническая поддержка сайта под ключ	/uslugi/podderzhka-sajta/	commercial	base	5	НЧ
техническая поддержка сайта срочно	/uslugi/podderzhka-sajta/	commercial	order	4	СЧ
техническая поддержка сайта стоимость	/uslugi/podderzhka-sajta/	commercial	price	4	СЧ
техническая поддержка сайта студия	/uslugi/podderzhka-sajta/	commercial	vendor	4	НЧ
техническая поддержка сайта цена	/uslugi/podderzhka-sajta/	commercial	price	4	СЧ
техническая поддержка сайта цена москва	/uslugi/podderzhka-sajta/	commercial	geo	5	НЧ
техподдержка сайта	/uslugi/podderzhka-sajta/	commercial	base	2	ВЧ
техподдержка сайта в москве	/uslugi/podderzhka-sajta/	commercial	geo	4	СЧ
техподдержка сайта москва	/uslugi/podderzhka-sajta/	commercial	geo	3	СЧ
техподдержка сайта на заказ	/uslugi/podderzhka-sajta/	commercial	order	4	СЧ
техподдержка сайта стоимость	/uslugi/podderzhka-sajta/	commercial	price	3	СЧ
техподдержка сайта цена	/uslugi/podderzhka-sajta/	commercial	price	3	СЧ
техподдержка сайта цена москва	/uslugi/podderzhka-sajta/	commercial	geo	4	СЧ
заказать поддержку интернет магазина	/uslugi/podderzhka-sajta/podderzhka-internet-magazina/	commercial	order	4	СЧ
заказать поддержку интернет магазина недорого	/uslugi/podderzhka-sajta/podderzhka-internet-magazina/	commercial	order	5	НЧ
обслуживание интернет магазина	/uslugi/podderzhka-sajta/podderzhka-internet-magazina/	commercial	base	3	ВЧ
обслуживание интернет магазина на заказ	/uslugi/podderzhka-sajta/podderzhka-internet-magazina/	commercial	order	5	НЧ
обслуживание интернет магазина стоимость	/uslugi/podderzhka-sajta/podderzhka-internet-magazina/	commercial	price	4	СЧ
обслуживание интернет магазина цена	/uslugi/podderzhka-sajta/podderzhka-internet-magazina/	commercial	price	4	СЧ
поддержка интернет магазина	/uslugi/podderzhka-sajta/podderzhka-internet-magazina/	commercial	base	3	ВЧ
поддержка интернет магазина агентство	/uslugi/podderzhka-sajta/podderzhka-internet-magazina/	commercial	vendor	4	НЧ
поддержка интернет магазина компания	/uslugi/podderzhka-sajta/podderzhka-internet-magazina/	commercial	vendor	4	НЧ
поддержка интернет магазина на заказ	/uslugi/podderzhka-sajta/podderzhka-internet-magazina/	commercial	order	5	НЧ
поддержка интернет магазина недорого	/uslugi/podderzhka-sajta/podderzhka-internet-magazina/	commercial	price	4	СЧ
поддержка интернет магазина отзывы	/uslugi/podderzhka-sajta/podderzhka-internet-magazina/	commercial	vendor	4	НЧ
поддержка интернет магазина под ключ	/uslugi/podderzhka-sajta/podderzhka-internet-magazina/	commercial	base	5	НЧ
поддержка интернет магазина срочно	/uslugi/podderzhka-sajta/podderzhka-internet-magazina/	commercial	order	4	СЧ
поддержка интернет магазина стоимость	/uslugi/podderzhka-sajta/podderzhka-internet-magazina/	commercial	price	4	СЧ
поддержка интернет магазина студия	/uslugi/podderzhka-sajta/podderzhka-internet-magazina/	commercial	vendor	4	НЧ
поддержка интернет магазина цена	/uslugi/podderzhka-sajta/podderzhka-internet-magazina/	commercial	price	4	СЧ
сколько стоит поддержка интернет магазина	/uslugi/podderzhka-sajta/podderzhka-internet-magazina/	commercial	price	5	НЧ
сопровождение интернет магазина	/uslugi/podderzhka-sajta/podderzhka-internet-magazina/	commercial	base	3	ВЧ
сопровождение интернет магазина на заказ	/uslugi/podderzhka-sajta/podderzhka-internet-magazina/	commercial	order	5	НЧ
сопровождение интернет магазина стоимость	/uslugi/podderzhka-sajta/podderzhka-internet-magazina/	commercial	price	4	СЧ
сопровождение интернет магазина цена	/uslugi/podderzhka-sajta/podderzhka-internet-magazina/	commercial	price	4	СЧ
техподдержка интернет магазина	/uslugi/podderzhka-sajta/podderzhka-internet-magazina/	commercial	base	3	ВЧ
техподдержка интернет магазина на заказ	/uslugi/podderzhka-sajta/podderzhka-internet-magazina/	commercial	order	5	НЧ
техподдержка интернет магазина стоимость	/uslugi/podderzhka-sajta/podderzhka-internet-magazina/	commercial	price	4	СЧ
техподдержка интернет магазина цена	/uslugi/podderzhka-sajta/podderzhka-internet-magazina/	commercial	price	4	СЧ
веб разработка	/uslugi/razrabotka-sajtov/	commercial	base	2	ВЧ
веб разработка на заказ	/uslugi/razrabotka-sajtov/	commercial	order	4	СЧ
веб разработка стоимость	/uslugi/razrabotka-sajtov/	commercial	price	3	СЧ
веб разработка цена	/uslugi/razrabotka-sajtov/	commercial	price	3	СЧ
заказать разработку сайтов	/uslugi/razrabotka-sajtov/	commercial	order	3	ВЧ
заказать разработку сайтов в москве	/uslugi/razrabotka-sajtov/	commercial	geo	5	НЧ
заказать разработку сайтов недорого	/uslugi/razrabotka-sajtov/	commercial	order	4	СЧ
изготовление сайтов	/uslugi/razrabotka-sajtov/	commercial	base	2	ВЧ
изготовление сайтов на заказ	/uslugi/razrabotka-sajtov/	commercial	order	4	СЧ
изготовление сайтов стоимость	/uslugi/razrabotka-sajtov/	commercial	price	3	СЧ
изготовление сайтов цена	/uslugi/razrabotka-sajtov/	commercial	price	3	СЧ
разработка сайта	/uslugi/razrabotka-sajtov/	commercial	base	2	ВЧ
разработка сайта в москве	/uslugi/razrabotka-sajtov/	commercial	geo	4	СЧ
разработка сайта москва	/uslugi/razrabotka-sajtov/	commercial	geo	3	СЧ
разработка сайта на заказ	/uslugi/razrabotka-sajtov/	commercial	order	4	СЧ
разработка сайта под ключ	/uslugi/razrabotka-sajtov/	commercial	base	4	СЧ
разработка сайта под ключ на заказ	/uslugi/razrabotka-sajtov/	commercial	order	6	НЧ
разработка сайта под ключ стоимость	/uslugi/razrabotka-sajtov/	commercial	price	5	НЧ
разработка сайта под ключ цена	/uslugi/razrabotka-sajtov/	commercial	price	5	НЧ
разработка сайта стоимость	/uslugi/razrabotka-sajtov/	commercial	price	3	СЧ
разработка сайта цена	/uslugi/razrabotka-sajtov/	commercial	price	3	СЧ
разработка сайта цена москва	/uslugi/razrabotka-sajtov/	commercial	geo	4	СЧ
разработка сайтов	/uslugi/razrabotka-sajtov/	commercial	base	2	ВЧ
разработка сайтов агентство	/uslugi/razrabotka-sajtov/	commercial	vendor	3	НЧ
разработка сайтов в москве	/uslugi/razrabotka-sajtov/	commercial	geo	4	СЧ
разработка сайтов компания	/uslugi/razrabotka-sajtov/	commercial	vendor	3	НЧ
разработка сайтов москва	/uslugi/razrabotka-sajtov/	commercial	geo	3	СЧ
разработка сайтов на заказ	/uslugi/razrabotka-sajtov/	commercial	order	4	СЧ
разработка сайтов недорого	/uslugi/razrabotka-sajtov/	commercial	price	3	СЧ
разработка сайтов отзывы	/uslugi/razrabotka-sajtov/	commercial	vendor	3	НЧ
разработка сайтов под ключ	/uslugi/razrabotka-sajtov/	commercial	base	4	СЧ
разработка сайтов срочно	/uslugi/razrabotka-sajtov/	commercial	order	3	ВЧ
разработка сайтов стоимость	/uslugi/razrabotka-sajtov/	commercial	price	3	СЧ
разработка сайтов студия	/uslugi/razrabotka-sajtov/	commercial	vendor	3	НЧ
разработка сайтов цена	/uslugi/razrabotka-sajtov/	commercial	price	3	СЧ
разработка сайтов цена москва	/uslugi/razrabotka-sajtov/	commercial	geo	4	СЧ
сайт под ключ	/uslugi/razrabotka-sajtov/	commercial	base	3	ВЧ
сайт под ключ на заказ	/uslugi/razrabotka-sajtov/	commercial	order	5	НЧ
сайт под ключ стоимость	/uslugi/razrabotka-sajtov/	commercial	price	4	СЧ
сайт под ключ цена	/uslugi/razrabotka-sajtov/	commercial	price	4	СЧ
сделать сайт	/uslugi/razrabotka-sajtov/	commercial	base	2	ВЧ
сделать сайт на заказ	/uslugi/razrabotka-sajtov/	commercial	order	4	СЧ
сделать сайт стоимость	/uslugi/razrabotka-sajtov/	commercial	price	3	СЧ
сделать сайт цена	/uslugi/razrabotka-sajtov/	commercial	price	3	СЧ
сколько стоит разработка сайтов	/uslugi/razrabotka-sajtov/	commercial	price	4	СЧ
создание сайта	/uslugi/razrabotka-sajtov/	commercial	base	2	ВЧ
создание сайта на заказ	/uslugi/razrabotka-sajtov/	commercial	order	4	СЧ
создание сайта стоимость	/uslugi/razrabotka-sajtov/	commercial	price	3	СЧ
создание сайта цена	/uslugi/razrabotka-sajtov/	commercial	price	3	СЧ
создание сайтов	/uslugi/razrabotka-sajtov/	commercial	base	2	ВЧ
создание сайтов в москве	/uslugi/razrabotka-sajtov/	commercial	geo	4	СЧ
создание сайтов москва	/uslugi/razrabotka-sajtov/	commercial	geo	3	СЧ
создание сайтов на заказ	/uslugi/razrabotka-sajtov/	commercial	order	4	СЧ
создание сайтов стоимость	/uslugi/razrabotka-sajtov/	commercial	price	3	СЧ
создание сайтов цена	/uslugi/razrabotka-sajtov/	commercial	price	3	СЧ
создание сайтов цена москва	/uslugi/razrabotka-sajtov/	commercial	geo	4	СЧ
создать сайт	/uslugi/razrabotka-sajtov/	commercial	base	2	ВЧ
создать сайт на заказ	/uslugi/razrabotka-sajtov/	commercial	order	4	СЧ
создать сайт стоимость	/uslugi/razrabotka-sajtov/	commercial	price	3	СЧ
создать сайт цена	/uslugi/razrabotka-sajtov/	commercial	price	3	СЧ
заказать корпоративный сайт	/uslugi/razrabotka-sajtov/korporativnyj-sajt/	commercial	order	3	ВЧ
заказать корпоративный сайт в москве	/uslugi/razrabotka-sajtov/korporativnyj-sajt/	commercial	geo	5	НЧ
заказать корпоративный сайт недорого	/uslugi/razrabotka-sajtov/korporativnyj-sajt/	commercial	order	4	СЧ
корпоративный сайт под ключ	/uslugi/razrabotka-sajtov/korporativnyj-sajt/	commercial	base	4	СЧ
корпоративный сайт под ключ в москве	/uslugi/razrabotka-sajtov/korporativnyj-sajt/	commercial	geo	6	НЧ
корпоративный сайт под ключ москва	/uslugi/razrabotka-sajtov/korporativnyj-sajt/	commercial	geo	5	НЧ
корпоративный сайт под ключ на заказ	/uslugi/razrabotka-sajtov/korporativnyj-sajt/	commercial	order	6	НЧ
корпоративный сайт под ключ стоимость	/uslugi/razrabotka-sajtov/korporativnyj-sajt/	commercial	price	5	НЧ
корпоративный сайт под ключ цена	/uslugi/razrabotka-sajtov/korporativnyj-sajt/	commercial	price	5	НЧ
корпоративный сайт под ключ цена москва	/uslugi/razrabotka-sajtov/korporativnyj-sajt/	commercial	geo	6	НЧ
многостраничный сайт компании	/uslugi/razrabotka-sajtov/korporativnyj-sajt/	commercial	base	3	ВЧ
многостраничный сайт компании на заказ	/uslugi/razrabotka-sajtov/korporativnyj-sajt/	commercial	order	5	НЧ
многостраничный сайт компании стоимость	/uslugi/razrabotka-sajtov/korporativnyj-sajt/	commercial	price	4	СЧ
многостраничный сайт компании цена	/uslugi/razrabotka-sajtov/korporativnyj-sajt/	commercial	price	4	СЧ
разработка корпоративного сайта	/uslugi/razrabotka-sajtov/korporativnyj-sajt/	commercial	base	3	ВЧ
разработка корпоративного сайта агентство	/uslugi/razrabotka-sajtov/korporativnyj-sajt/	commercial	vendor	4	НЧ
разработка корпоративного сайта в москве	/uslugi/razrabotka-sajtov/korporativnyj-sajt/	commercial	geo	5	НЧ
разработка корпоративного сайта компания	/uslugi/razrabotka-sajtov/korporativnyj-sajt/	commercial	vendor	4	НЧ
разработка корпоративного сайта москва	/uslugi/razrabotka-sajtov/korporativnyj-sajt/	commercial	geo	4	СЧ
разработка корпоративного сайта на заказ	/uslugi/razrabotka-sajtov/korporativnyj-sajt/	commercial	order	5	НЧ
разработка корпоративного сайта недорого	/uslugi/razrabotka-sajtov/korporativnyj-sajt/	commercial	price	4	СЧ
разработка корпоративного сайта отзывы	/uslugi/razrabotka-sajtov/korporativnyj-sajt/	commercial	vendor	4	НЧ
разработка корпоративного сайта под ключ	/uslugi/razrabotka-sajtov/korporativnyj-sajt/	commercial	base	5	НЧ
разработка корпоративного сайта срочно	/uslugi/razrabotka-sajtov/korporativnyj-sajt/	commercial	order	4	СЧ
разработка корпоративного сайта стоимость	/uslugi/razrabotka-sajtov/korporativnyj-sajt/	commercial	price	4	СЧ
разработка корпоративного сайта студия	/uslugi/razrabotka-sajtov/korporativnyj-sajt/	commercial	vendor	4	НЧ
разработка корпоративного сайта цена	/uslugi/razrabotka-sajtov/korporativnyj-sajt/	commercial	price	4	СЧ
разработка корпоративного сайта цена москва	/uslugi/razrabotka-sajtov/korporativnyj-sajt/	commercial	geo	5	НЧ
сайт для компании	/uslugi/razrabotka-sajtov/korporativnyj-sajt/	commercial	base	3	ВЧ
сайт для компании на заказ	/uslugi/razrabotka-sajtov/korporativnyj-sajt/	commercial	order	5	НЧ
сайт для компании стоимость	/uslugi/razrabotka-sajtov/korporativnyj-sajt/	commercial	price	4	СЧ
сайт для компании цена	/uslugi/razrabotka-sajtov/korporativnyj-sajt/	commercial	price	4	СЧ
сайт организации разработка	/uslugi/razrabotka-sajtov/korporativnyj-sajt/	commercial	base	3	ВЧ
сайт организации разработка на заказ	/uslugi/razrabotka-sajtov/korporativnyj-sajt/	commercial	order	5	НЧ
сайт организации разработка стоимость	/uslugi/razrabotka-sajtov/korporativnyj-sajt/	commercial	price	4	СЧ
сайт организации разработка цена	/uslugi/razrabotka-sajtov/korporativnyj-sajt/	commercial	price	4	СЧ
сколько стоит разработка корпоративного сайта	/uslugi/razrabotka-sajtov/korporativnyj-sajt/	commercial	price	5	НЧ
создание корпоративного сайта	/uslugi/razrabotka-sajtov/korporativnyj-sajt/	commercial	base	3	ВЧ
создание корпоративного сайта в москве	/uslugi/razrabotka-sajtov/korporativnyj-sajt/	commercial	geo	5	НЧ
создание корпоративного сайта москва	/uslugi/razrabotka-sajtov/korporativnyj-sajt/	commercial	geo	4	СЧ
создание корпоративного сайта на заказ	/uslugi/razrabotka-sajtov/korporativnyj-sajt/	commercial	order	5	НЧ
создание корпоративного сайта стоимость	/uslugi/razrabotka-sajtov/korporativnyj-sajt/	commercial	price	4	СЧ
создание корпоративного сайта цена	/uslugi/razrabotka-sajtov/korporativnyj-sajt/	commercial	price	4	СЧ
создание корпоративного сайта цена москва	/uslugi/razrabotka-sajtov/korporativnyj-sajt/	commercial	geo	5	НЧ
заказать лендинг	/uslugi/razrabotka-sajtov/lending/	commercial	order	2	ВЧ
заказать лендинг в москве	/uslugi/razrabotka-sajtov/lending/	commercial	geo	4	СЧ
заказать лендинг недорого	/uslugi/razrabotka-sajtov/lending/	commercial	order	3	ВЧ
лендинг для рекламы	/uslugi/razrabotka-sajtov/lending/	commercial	base	3	ВЧ
лендинг для рекламы на заказ	/uslugi/razrabotka-sajtov/lending/	commercial	order	5	НЧ
лендинг для рекламы стоимость	/uslugi/razrabotka-sajtov/lending/	commercial	price	4	СЧ
лендинг для рекламы цена	/uslugi/razrabotka-sajtov/lending/	commercial	price	4	СЧ
лендинг под ключ	/uslugi/razrabotka-sajtov/lending/	commercial	base	3	ВЧ
лендинг под ключ в москве	/uslugi/razrabotka-sajtov/lending/	commercial	geo	5	НЧ
лендинг под ключ москва	/uslugi/razrabotka-sajtov/lending/	commercial	geo	4	СЧ
лендинг под ключ на заказ	/uslugi/razrabotka-sajtov/lending/	commercial	order	5	НЧ
лендинг под ключ стоимость	/uslugi/razrabotka-sajtov/lending/	commercial	price	4	СЧ
лендинг под ключ цена	/uslugi/razrabotka-sajtov/lending/	commercial	price	4	СЧ
лендинг под ключ цена москва	/uslugi/razrabotka-sajtov/lending/	commercial	geo	5	НЧ
одностраничный сайт разработка	/uslugi/razrabotka-sajtov/lending/	commercial	base	3	ВЧ
одностраничный сайт разработка на заказ	/uslugi/razrabotka-sajtov/lending/	commercial	order	5	НЧ
одностраничный сайт разработка стоимость	/uslugi/razrabotka-sajtov/lending/	commercial	price	4	СЧ
одностраничный сайт разработка цена	/uslugi/razrabotka-sajtov/lending/	commercial	price	4	СЧ
посадочная страница разработка	/uslugi/razrabotka-sajtov/lending/	commercial	base	3	ВЧ
посадочная страница разработка на заказ	/uslugi/razrabotka-sajtov/lending/	commercial	order	5	НЧ
посадочная страница разработка стоимость	/uslugi/razrabotka-sajtov/lending/	commercial	price	4	СЧ
посадочная страница разработка цена	/uslugi/razrabotka-sajtov/lending/	commercial	price	4	СЧ
разработка лендинга	/uslugi/razrabotka-sajtov/lending/	commercial	base	2	ВЧ
разработка лендинга агентство	/uslugi/razrabotka-sajtov/lending/	commercial	vendor	3	НЧ
разработка лендинга в москве	/uslugi/razrabotka-sajtov/lending/	commercial	geo	4	СЧ
разработка лендинга компания	/uslugi/razrabotka-sajtov/lending/	commercial	vendor	3	НЧ
разработка лендинга москва	/uslugi/razrabotka-sajtov/lending/	commercial	geo	3	СЧ
разработка лендинга на заказ	/uslugi/razrabotka-sajtov/lending/	commercial	order	4	СЧ
разработка лендинга недорого	/uslugi/razrabotka-sajtov/lending/	commercial	price	3	СЧ
разработка лендинга отзывы	/uslugi/razrabotka-sajtov/lending/	commercial	vendor	3	НЧ
разработка лендинга под ключ	/uslugi/razrabotka-sajtov/lending/	commercial	base	4	СЧ
разработка лендинга срочно	/uslugi/razrabotka-sajtov/lending/	commercial	order	3	ВЧ
разработка лендинга стоимость	/uslugi/razrabotka-sajtov/lending/	commercial	price	3	СЧ
разработка лендинга студия	/uslugi/razrabotka-sajtov/lending/	commercial	vendor	3	НЧ
разработка лендинга цена	/uslugi/razrabotka-sajtov/lending/	commercial	price	3	СЧ
разработка лендинга цена москва	/uslugi/razrabotka-sajtov/lending/	commercial	geo	4	СЧ
сколько стоит разработка лендинга	/uslugi/razrabotka-sajtov/lending/	commercial	price	4	СЧ
создание лендинга	/uslugi/razrabotka-sajtov/lending/	commercial	base	2	ВЧ
создание лендинга в москве	/uslugi/razrabotka-sajtov/lending/	commercial	geo	4	СЧ
создание лендинга москва	/uslugi/razrabotka-sajtov/lending/	commercial	geo	3	СЧ
создание лендинга на заказ	/uslugi/razrabotka-sajtov/lending/	commercial	order	4	СЧ
создание лендинга стоимость	/uslugi/razrabotka-sajtov/lending/	commercial	price	3	СЧ
создание лендинга цена	/uslugi/razrabotka-sajtov/lending/	commercial	price	3	СЧ
создание лендинга цена москва	/uslugi/razrabotka-sajtov/lending/	commercial	geo	4	СЧ
landing page разработка	/uslugi/razrabotka-sajtov/lending/	commercial	base	3	ВЧ
landing page разработка на заказ	/uslugi/razrabotka-sajtov/lending/	commercial	order	5	НЧ
landing page разработка стоимость	/uslugi/razrabotka-sajtov/lending/	commercial	price	4	СЧ
landing page разработка цена	/uslugi/razrabotka-sajtov/lending/	commercial	price	4	СЧ
заказать промо сайт	/uslugi/razrabotka-sajtov/promo-sajt/	commercial	order	3	ВЧ
заказать промо сайт недорого	/uslugi/razrabotka-sajtov/promo-sajt/	commercial	order	4	СЧ
имиджевый сайт	/uslugi/razrabotka-sajtov/promo-sajt/	commercial	base	2	ВЧ
имиджевый сайт на заказ	/uslugi/razrabotka-sajtov/promo-sajt/	commercial	order	4	СЧ
имиджевый сайт стоимость	/uslugi/razrabotka-sajtov/promo-sajt/	commercial	price	3	СЧ
имиджевый сайт цена	/uslugi/razrabotka-sajtov/promo-sajt/	commercial	price	3	СЧ
разработка промо сайта	/uslugi/razrabotka-sajtov/promo-sajt/	commercial	base	3	ВЧ
разработка промо сайта агентство	/uslugi/razrabotka-sajtov/promo-sajt/	commercial	vendor	4	НЧ
разработка промо сайта компания	/uslugi/razrabotka-sajtov/promo-sajt/	commercial	vendor	4	НЧ
разработка промо сайта на заказ	/uslugi/razrabotka-sajtov/promo-sajt/	commercial	order	5	НЧ
разработка промо сайта недорого	/uslugi/razrabotka-sajtov/promo-sajt/	commercial	price	4	СЧ
разработка промо сайта отзывы	/uslugi/razrabotka-sajtov/promo-sajt/	commercial	vendor	4	НЧ
разработка промо сайта под ключ	/uslugi/razrabotka-sajtov/promo-sajt/	commercial	base	5	НЧ
разработка промо сайта срочно	/uslugi/razrabotka-sajtov/promo-sajt/	commercial	order	4	СЧ
разработка промо сайта стоимость	/uslugi/razrabotka-sajtov/promo-sajt/	commercial	price	4	СЧ
разработка промо сайта студия	/uslugi/razrabotka-sajtov/promo-sajt/	commercial	vendor	4	НЧ
разработка промо сайта цена	/uslugi/razrabotka-sajtov/promo-sajt/	commercial	price	4	СЧ
сайт для мероприятия разработка	/uslugi/razrabotka-sajtov/promo-sajt/	commercial	base	4	СЧ
сайт для мероприятия разработка на заказ	/uslugi/razrabotka-sajtov/promo-sajt/	commercial	order	6	НЧ
сайт для мероприятия разработка стоимость	/uslugi/razrabotka-sajtov/promo-sajt/	commercial	price	5	НЧ
сайт для мероприятия разработка цена	/uslugi/razrabotka-sajtov/promo-sajt/	commercial	price	5	НЧ
сайт под акцию	/uslugi/razrabotka-sajtov/promo-sajt/	commercial	base	3	ВЧ
сайт под акцию на заказ	/uslugi/razrabotka-sajtov/promo-sajt/	commercial	order	5	НЧ
сайт под акцию стоимость	/uslugi/razrabotka-sajtov/promo-sajt/	commercial	price	4	СЧ
сайт под акцию цена	/uslugi/razrabotka-sajtov/promo-sajt/	commercial	price	4	СЧ
сколько стоит разработка промо сайта	/uslugi/razrabotka-sajtov/promo-sajt/	commercial	price	5	НЧ
создание промо сайта	/uslugi/razrabotka-sajtov/promo-sajt/	commercial	base	3	ВЧ
создание промо сайта на заказ	/uslugi/razrabotka-sajtov/promo-sajt/	commercial	order	5	НЧ
создание промо сайта стоимость	/uslugi/razrabotka-sajtov/promo-sajt/	commercial	price	4	СЧ
создание промо сайта цена	/uslugi/razrabotka-sajtov/promo-sajt/	commercial	price	4	СЧ
заказать сайт визитку	/uslugi/razrabotka-sajtov/sajt-vizitka/	commercial	order	3	ВЧ
заказать сайт визитку в москве	/uslugi/razrabotka-sajtov/sajt-vizitka/	commercial	geo	5	НЧ
заказать сайт визитку недорого	/uslugi/razrabotka-sajtov/sajt-vizitka/	commercial	order	4	СЧ
небольшой сайт для бизнеса	/uslugi/razrabotka-sajtov/sajt-vizitka/	commercial	base	4	СЧ
небольшой сайт для бизнеса на заказ	/uslugi/razrabotka-sajtov/sajt-vizitka/	commercial	order	6	НЧ
небольшой сайт для бизнеса стоимость	/uslugi/razrabotka-sajtov/sajt-vizitka/	commercial	price	5	НЧ
небольшой сайт для бизнеса цена	/uslugi/razrabotka-sajtov/sajt-vizitka/	commercial	price	5	НЧ
разработка сайта визитки	/uslugi/razrabotka-sajtov/sajt-vizitka/	commercial	base	3	ВЧ
разработка сайта визитки в москве	/uslugi/razrabotka-sajtov/sajt-vizitka/	commercial	geo	5	НЧ
разработка сайта визитки москва	/uslugi/razrabotka-sajtov/sajt-vizitka/	commercial	geo	4	СЧ
разработка сайта визитки на заказ	/uslugi/razrabotka-sajtov/sajt-vizitka/	commercial	order	5	НЧ
разработка сайта визитки стоимость	/uslugi/razrabotka-sajtov/sajt-vizitka/	commercial	price	4	СЧ
разработка сайта визитки цена	/uslugi/razrabotka-sajtov/sajt-vizitka/	commercial	price	4	СЧ
разработка сайта визитки цена москва	/uslugi/razrabotka-sajtov/sajt-vizitka/	commercial	geo	5	НЧ
сайт визитка для компании	/uslugi/razrabotka-sajtov/sajt-vizitka/	commercial	base	4	СЧ
сайт визитка для компании на заказ	/uslugi/razrabotka-sajtov/sajt-vizitka/	commercial	order	6	НЧ
сайт визитка для компании стоимость	/uslugi/razrabotka-sajtov/sajt-vizitka/	commercial	price	5	НЧ
сайт визитка для компании цена	/uslugi/razrabotka-sajtov/sajt-vizitka/	commercial	price	5	НЧ
сайт визитка под ключ	/uslugi/razrabotka-sajtov/sajt-vizitka/	commercial	base	4	СЧ
сайт визитка под ключ в москве	/uslugi/razrabotka-sajtov/sajt-vizitka/	commercial	geo	6	НЧ
сайт визитка под ключ москва	/uslugi/razrabotka-sajtov/sajt-vizitka/	commercial	geo	5	НЧ
сайт визитка под ключ на заказ	/uslugi/razrabotka-sajtov/sajt-vizitka/	commercial	order	6	НЧ
сайт визитка под ключ стоимость	/uslugi/razrabotka-sajtov/sajt-vizitka/	commercial	price	5	НЧ
сайт визитка под ключ цена	/uslugi/razrabotka-sajtov/sajt-vizitka/	commercial	price	5	НЧ
сайт визитка под ключ цена москва	/uslugi/razrabotka-sajtov/sajt-vizitka/	commercial	geo	6	НЧ
сколько стоит создание сайта визитки	/uslugi/razrabotka-sajtov/sajt-vizitka/	commercial	price	5	НЧ
создание сайта визитки	/uslugi/razrabotka-sajtov/sajt-vizitka/	commercial	base	3	ВЧ
создание сайта визитки агентство	/uslugi/razrabotka-sajtov/sajt-vizitka/	commercial	vendor	4	НЧ
создание сайта визитки в москве	/uslugi/razrabotka-sajtov/sajt-vizitka/	commercial	geo	5	НЧ
создание сайта визитки компания	/uslugi/razrabotka-sajtov/sajt-vizitka/	commercial	vendor	4	НЧ
создание сайта визитки москва	/uslugi/razrabotka-sajtov/sajt-vizitka/	commercial	geo	4	СЧ
создание сайта визитки на заказ	/uslugi/razrabotka-sajtov/sajt-vizitka/	commercial	order	5	НЧ
создание сайта визитки недорого	/uslugi/razrabotka-sajtov/sajt-vizitka/	commercial	price	4	СЧ
создание сайта визитки отзывы	/uslugi/razrabotka-sajtov/sajt-vizitka/	commercial	vendor	4	НЧ
создание сайта визитки под ключ	/uslugi/razrabotka-sajtov/sajt-vizitka/	commercial	base	5	НЧ
создание сайта визитки срочно	/uslugi/razrabotka-sajtov/sajt-vizitka/	commercial	order	4	СЧ
создание сайта визитки стоимость	/uslugi/razrabotka-sajtov/sajt-vizitka/	commercial	price	4	СЧ
создание сайта визитки студия	/uslugi/razrabotka-sajtov/sajt-vizitka/	commercial	vendor	4	НЧ
создание сайта визитки цена	/uslugi/razrabotka-sajtov/sajt-vizitka/	commercial	price	4	СЧ
создание сайта визитки цена москва	/uslugi/razrabotka-sajtov/sajt-vizitka/	commercial	geo	5	НЧ
заказать редизайн сайта	/uslugi/redizajn-sajta/	commercial	order	3	ВЧ
заказать редизайн сайта в москве	/uslugi/redizajn-sajta/	commercial	geo	5	НЧ
заказать редизайн сайта недорого	/uslugi/redizajn-sajta/	commercial	order	4	СЧ
модернизация сайта	/uslugi/redizajn-sajta/	commercial	base	2	ВЧ
модернизация сайта на заказ	/uslugi/redizajn-sajta/	commercial	order	4	СЧ
модернизация сайта стоимость	/uslugi/redizajn-sajta/	commercial	price	3	СЧ
модернизация сайта цена	/uslugi/redizajn-sajta/	commercial	price	3	СЧ
новый дизайн для сайта	/uslugi/redizajn-sajta/	commercial	base	4	СЧ
новый дизайн для сайта на заказ	/uslugi/redizajn-sajta/	commercial	order	6	НЧ
новый дизайн для сайта стоимость	/uslugi/redizajn-sajta/	commercial	price	5	НЧ
новый дизайн для сайта цена	/uslugi/redizajn-sajta/	commercial	price	5	НЧ
обновить дизайн сайта	/uslugi/redizajn-sajta/	commercial	base	3	ВЧ
обновить дизайн сайта в москве	/uslugi/redizajn-sajta/	commercial	geo	5	НЧ
обновить дизайн сайта москва	/uslugi/redizajn-sajta/	commercial	geo	4	СЧ
обновить дизайн сайта на заказ	/uslugi/redizajn-sajta/	commercial	order	5	НЧ
обновить дизайн сайта стоимость	/uslugi/redizajn-sajta/	commercial	price	4	СЧ
обновить дизайн сайта цена	/uslugi/redizajn-sajta/	commercial	price	4	СЧ
обновить дизайн сайта цена москва	/uslugi/redizajn-sajta/	commercial	geo	5	НЧ
переделать сайт	/uslugi/redizajn-sajta/	commercial	base	2	ВЧ
переделать сайт в москве	/uslugi/redizajn-sajta/	commercial	geo	4	СЧ
переделать сайт москва	/uslugi/redizajn-sajta/	commercial	geo	3	СЧ
переделать сайт на заказ	/uslugi/redizajn-sajta/	commercial	order	4	СЧ
переделать сайт стоимость	/uslugi/redizajn-sajta/	commercial	price	3	СЧ
переделать сайт цена	/uslugi/redizajn-sajta/	commercial	price	3	СЧ
переделать сайт цена москва	/uslugi/redizajn-sajta/	commercial	geo	4	СЧ
редизайн сайта	/uslugi/redizajn-sajta/	commercial	base	2	ВЧ
редизайн сайта агентство	/uslugi/redizajn-sajta/	commercial	vendor	3	НЧ
редизайн сайта в москве	/uslugi/redizajn-sajta/	commercial	geo	4	СЧ
редизайн сайта компания	/uslugi/redizajn-sajta/	commercial	vendor	3	НЧ
редизайн сайта москва	/uslugi/redizajn-sajta/	commercial	geo	3	СЧ
редизайн сайта на заказ	/uslugi/redizajn-sajta/	commercial	order	4	СЧ
редизайн сайта недорого	/uslugi/redizajn-sajta/	commercial	price	3	СЧ
редизайн сайта отзывы	/uslugi/redizajn-sajta/	commercial	vendor	3	НЧ
редизайн сайта под ключ	/uslugi/redizajn-sajta/	commercial	base	4	СЧ
редизайн сайта срочно	/uslugi/redizajn-sajta/	commercial	order	3	ВЧ
редизайн сайта стоимость	/uslugi/redizajn-sajta/	commercial	price	3	СЧ
редизайн сайта студия	/uslugi/redizajn-sajta/	commercial	vendor	3	НЧ
редизайн сайта цена	/uslugi/redizajn-sajta/	commercial	price	3	СЧ
редизайн сайта цена москва	/uslugi/redizajn-sajta/	commercial	geo	4	СЧ
сколько стоит редизайн сайта	/uslugi/redizajn-sajta/	commercial	price	4	СЧ
доделать проект после фрилансера	/uslugi/spasenie-proekta/	commercial	base	4	СЧ
доделать проект после фрилансера на заказ	/uslugi/spasenie-proekta/	commercial	order	6	НЧ
доделать проект после фрилансера стоимость	/uslugi/spasenie-proekta/	commercial	price	5	НЧ
доделать проект после фрилансера цена	/uslugi/spasenie-proekta/	commercial	price	5	НЧ
доделать сайт за другим разработчиком	/uslugi/spasenie-proekta/	commercial	base	5	НЧ
доделать сайт за другим разработчиком агентство	/uslugi/spasenie-proekta/	commercial	vendor	6	НЧ
доделать сайт за другим разработчиком компания	/uslugi/spasenie-proekta/	commercial	vendor	6	НЧ
доделать сайт за другим разработчиком на заказ	/uslugi/spasenie-proekta/	commercial	order	7	НЧ
доделать сайт за другим разработчиком недорого	/uslugi/spasenie-proekta/	commercial	price	6	НЧ
доделать сайт за другим разработчиком отзывы	/uslugi/spasenie-proekta/	commercial	vendor	6	НЧ
доделать сайт за другим разработчиком под ключ	/uslugi/spasenie-proekta/	commercial	base	7	НЧ
доделать сайт за другим разработчиком срочно	/uslugi/spasenie-proekta/	commercial	order	6	НЧ
доделать сайт за другим разработчиком стоимость	/uslugi/spasenie-proekta/	commercial	price	6	НЧ
доделать сайт за другим разработчиком студия	/uslugi/spasenie-proekta/	commercial	vendor	6	НЧ
доделать сайт за другим разработчиком цена	/uslugi/spasenie-proekta/	commercial	price	6	НЧ
заказать доработку чужого проекта	/uslugi/spasenie-proekta/	commercial	order	4	СЧ
заказать доработку чужого проекта недорого	/uslugi/spasenie-proekta/	commercial	order	5	НЧ
передать сайт другому разработчику	/uslugi/spasenie-proekta/	commercial	base	4	СЧ
передать сайт другому разработчику стоимость	/uslugi/spasenie-proekta/	commercial	price	5	НЧ
передать сайт другому разработчику цена	/uslugi/spasenie-proekta/	commercial	price	5	НЧ
подхватить проект после разработчика	/uslugi/spasenie-proekta/	commercial	base	4	СЧ
подхватить проект после разработчика стоимость	/uslugi/spasenie-proekta/	commercial	price	5	НЧ
подхватить проект после разработчика цена	/uslugi/spasenie-proekta/	commercial	price	5	НЧ
принять проект у подрядчика	/uslugi/spasenie-proekta/	commercial	base	4	СЧ
принять проект у подрядчика на заказ	/uslugi/spasenie-proekta/	commercial	order	6	НЧ
принять проект у подрядчика стоимость	/uslugi/spasenie-proekta/	commercial	price	5	НЧ
принять проект у подрядчика цена	/uslugi/spasenie-proekta/	commercial	price	5	НЧ
разработчик бросил проект	/uslugi/spasenie-proekta/	commercial	base	3	ВЧ
разработчик бросил проект стоимость	/uslugi/spasenie-proekta/	commercial	price	4	СЧ
разработчик бросил проект цена	/uslugi/spasenie-proekta/	commercial	price	4	СЧ
сколько стоит доделать сайт за другим разработчиком	/uslugi/spasenie-proekta/	commercial	price	7	НЧ
внедрение микроразметки на сайт	/uslugi/tehnicheskaya-optimizaciya/	commercial	base	4	СЧ
внедрение микроразметки на сайт на заказ	/uslugi/tehnicheskaya-optimizaciya/	commercial	order	6	НЧ
внедрение микроразметки на сайт стоимость	/uslugi/tehnicheskaya-optimizaciya/	commercial	price	5	НЧ
внедрение микроразметки на сайт цена	/uslugi/tehnicheskaya-optimizaciya/	commercial	price	5	НЧ
заказать техническую оптимизацию	/uslugi/tehnicheskaya-optimizaciya/	commercial	order	3	ВЧ
заказать техническую оптимизацию недорого	/uslugi/tehnicheskaya-optimizaciya/	commercial	order	4	СЧ
подготовить сайт к продвижению	/uslugi/tehnicheskaya-optimizaciya/	commercial	base	4	СЧ
подготовить сайт к продвижению на заказ	/uslugi/tehnicheskaya-optimizaciya/	commercial	order	6	НЧ
подготовить сайт к продвижению стоимость	/uslugi/tehnicheskaya-optimizaciya/	commercial	price	5	НЧ
подготовить сайт к продвижению цена	/uslugi/tehnicheskaya-optimizaciya/	commercial	price	5	НЧ
сколько стоит техническая оптимизация сайта	/uslugi/tehnicheskaya-optimizaciya/	commercial	price	5	НЧ
техническая оптимизация сайта	/uslugi/tehnicheskaya-optimizaciya/	commercial	base	3	ВЧ
техническая оптимизация сайта агентство	/uslugi/tehnicheskaya-optimizaciya/	commercial	vendor	4	НЧ
техническая оптимизация сайта компания	/uslugi/tehnicheskaya-optimizaciya/	commercial	vendor	4	НЧ
техническая оптимизация сайта на заказ	/uslugi/tehnicheskaya-optimizaciya/	commercial	order	5	НЧ
техническая оптимизация сайта недорого	/uslugi/tehnicheskaya-optimizaciya/	commercial	price	4	СЧ
техническая оптимизация сайта отзывы	/uslugi/tehnicheskaya-optimizaciya/	commercial	vendor	4	НЧ
техническая оптимизация сайта под ключ	/uslugi/tehnicheskaya-optimizaciya/	commercial	base	5	НЧ
техническая оптимизация сайта срочно	/uslugi/tehnicheskaya-optimizaciya/	commercial	order	4	СЧ
техническая оптимизация сайта стоимость	/uslugi/tehnicheskaya-optimizaciya/	commercial	price	4	СЧ
техническая оптимизация сайта студия	/uslugi/tehnicheskaya-optimizaciya/	commercial	vendor	4	НЧ
техническая оптимизация сайта цена	/uslugi/tehnicheskaya-optimizaciya/	commercial	price	4	СЧ
техническое seo сайта	/uslugi/tehnicheskaya-optimizaciya/	commercial	base	3	ВЧ
техническое seo сайта на заказ	/uslugi/tehnicheskaya-optimizaciya/	commercial	order	5	НЧ
техническое seo сайта стоимость	/uslugi/tehnicheskaya-optimizaciya/	commercial	price	4	СЧ
техническое seo сайта цена	/uslugi/tehnicheskaya-optimizaciya/	commercial	price	4	СЧ
устранить технические ошибки сайта	/uslugi/tehnicheskaya-optimizaciya/	commercial	base	4	СЧ
устранить технические ошибки сайта на заказ	/uslugi/tehnicheskaya-optimizaciya/	commercial	order	6	НЧ
устранить технические ошибки сайта стоимость	/uslugi/tehnicheskaya-optimizaciya/	commercial	price	5	НЧ
устранить технические ошибки сайта цена	/uslugi/tehnicheskaya-optimizaciya/	commercial	price	5	НЧ
заказать ускорение сайта	/uslugi/uskorenie-sajta/	commercial	order	3	ВЧ
заказать ускорение сайта в москве	/uslugi/uskorenie-sajta/	commercial	geo	5	НЧ
заказать ускорение сайта недорого	/uslugi/uskorenie-sajta/	commercial	order	4	СЧ
оптимизация загрузки сайта	/uslugi/uskorenie-sajta/	commercial	base	3	ВЧ
оптимизация загрузки сайта на заказ	/uslugi/uskorenie-sajta/	commercial	order	5	НЧ
оптимизация загрузки сайта стоимость	/uslugi/uskorenie-sajta/	commercial	price	4	СЧ
оптимизация загрузки сайта цена	/uslugi/uskorenie-sajta/	commercial	price	4	СЧ
оптимизация скорости сайта	/uslugi/uskorenie-sajta/	commercial	base	3	ВЧ
оптимизация скорости сайта в москве	/uslugi/uskorenie-sajta/	commercial	geo	5	НЧ
оптимизация скорости сайта москва	/uslugi/uskorenie-sajta/	commercial	geo	4	СЧ
оптимизация скорости сайта на заказ	/uslugi/uskorenie-sajta/	commercial	order	5	НЧ
оптимизация скорости сайта стоимость	/uslugi/uskorenie-sajta/	commercial	price	4	СЧ
оптимизация скорости сайта цена	/uslugi/uskorenie-sajta/	commercial	price	4	СЧ
оптимизация скорости сайта цена москва	/uslugi/uskorenie-sajta/	commercial	geo	5	НЧ
поднять pagespeed	/uslugi/uskorenie-sajta/	commercial	base	2	ВЧ
поднять pagespeed на заказ	/uslugi/uskorenie-sajta/	commercial	order	4	СЧ
поднять pagespeed стоимость	/uslugi/uskorenie-sajta/	commercial	price	3	СЧ
поднять pagespeed цена	/uslugi/uskorenie-sajta/	commercial	price	3	СЧ
сайт медленно грузится	/uslugi/uskorenie-sajta/	commercial	base	3	ВЧ
сайт медленно грузится на заказ	/uslugi/uskorenie-sajta/	commercial	order	5	НЧ
сайт медленно грузится стоимость	/uslugi/uskorenie-sajta/	commercial	price	4	СЧ
сайт медленно грузится цена	/uslugi/uskorenie-sajta/	commercial	price	4	СЧ
сколько стоит ускорение сайта	/uslugi/uskorenie-sajta/	commercial	price	4	СЧ
ускорение сайта	/uslugi/uskorenie-sajta/	commercial	base	2	ВЧ
ускорение сайта агентство	/uslugi/uskorenie-sajta/	commercial	vendor	3	НЧ
ускорение сайта в москве	/uslugi/uskorenie-sajta/	commercial	geo	4	СЧ
ускорение сайта компания	/uslugi/uskorenie-sajta/	commercial	vendor	3	НЧ
ускорение сайта москва	/uslugi/uskorenie-sajta/	commercial	geo	3	СЧ
ускорение сайта на заказ	/uslugi/uskorenie-sajta/	commercial	order	4	СЧ
ускорение сайта недорого	/uslugi/uskorenie-sajta/	commercial	price	3	СЧ
ускорение сайта отзывы	/uslugi/uskorenie-sajta/	commercial	vendor	3	НЧ
ускорение сайта под ключ	/uslugi/uskorenie-sajta/	commercial	base	4	СЧ
ускорение сайта срочно	/uslugi/uskorenie-sajta/	commercial	order	3	ВЧ
ускорение сайта стоимость	/uslugi/uskorenie-sajta/	commercial	price	3	СЧ
ускорение сайта студия	/uslugi/uskorenie-sajta/	commercial	vendor	3	НЧ
ускорение сайта цена	/uslugi/uskorenie-sajta/	commercial	price	3	СЧ
ускорение сайта цена москва	/uslugi/uskorenie-sajta/	commercial	geo	4	СЧ
ускорить сайт	/uslugi/uskorenie-sajta/	commercial	base	2	ВЧ
ускорить сайт в москве	/uslugi/uskorenie-sajta/	commercial	geo	4	СЧ
ускорить сайт москва	/uslugi/uskorenie-sajta/	commercial	geo	3	СЧ
ускорить сайт на заказ	/uslugi/uskorenie-sajta/	commercial	order	4	СЧ
ускорить сайт стоимость	/uslugi/uskorenie-sajta/	commercial	price	3	СЧ
ускорить сайт цена	/uslugi/uskorenie-sajta/	commercial	price	3	СЧ
ускорить сайт цена москва	/uslugi/uskorenie-sajta/	commercial	geo	4	СЧ
core web vitals оптимизация	/uslugi/uskorenie-sajta/	commercial	base	4	СЧ
core web vitals оптимизация на заказ	/uslugi/uskorenie-sajta/	commercial	order	6	НЧ
core web vitals оптимизация стоимость	/uslugi/uskorenie-sajta/	commercial	price	5	НЧ
core web vitals оптимизация цена	/uslugi/uskorenie-sajta/	commercial	price	5	НЧ
веб приложение под ключ	/uslugi/veb-prilozheniya/	commercial	base	4	СЧ
веб приложение под ключ в москве	/uslugi/veb-prilozheniya/	commercial	geo	6	НЧ
веб приложение под ключ москва	/uslugi/veb-prilozheniya/	commercial	geo	5	НЧ
веб приложение под ключ на заказ	/uslugi/veb-prilozheniya/	commercial	order	6	НЧ
веб приложение под ключ стоимость	/uslugi/veb-prilozheniya/	commercial	price	5	НЧ
веб приложение под ключ цена	/uslugi/veb-prilozheniya/	commercial	price	5	НЧ
веб приложение под ключ цена москва	/uslugi/veb-prilozheniya/	commercial	geo	6	НЧ
заказать разработку веб приложения	/uslugi/veb-prilozheniya/	commercial	order	4	СЧ
заказать разработку веб приложения в москве	/uslugi/veb-prilozheniya/	commercial	geo	6	НЧ
заказать разработку веб приложения недорого	/uslugi/veb-prilozheniya/	commercial	order	5	НЧ
разработка веб приложения	/uslugi/veb-prilozheniya/	commercial	base	3	ВЧ
разработка веб приложения агентство	/uslugi/veb-prilozheniya/	commercial	vendor	4	НЧ
разработка веб приложения в москве	/uslugi/veb-prilozheniya/	commercial	geo	5	НЧ
разработка веб приложения компания	/uslugi/veb-prilozheniya/	commercial	vendor	4	НЧ
разработка веб приложения москва	/uslugi/veb-prilozheniya/	commercial	geo	4	СЧ
разработка веб приложения на заказ	/uslugi/veb-prilozheniya/	commercial	order	5	НЧ
разработка веб приложения недорого	/uslugi/veb-prilozheniya/	commercial	price	4	СЧ
разработка веб приложения отзывы	/uslugi/veb-prilozheniya/	commercial	vendor	4	НЧ
разработка веб приложения под ключ	/uslugi/veb-prilozheniya/	commercial	base	5	НЧ
разработка веб приложения срочно	/uslugi/veb-prilozheniya/	commercial	order	4	СЧ
разработка веб приложения стоимость	/uslugi/veb-prilozheniya/	commercial	price	4	СЧ
разработка веб приложения студия	/uslugi/veb-prilozheniya/	commercial	vendor	4	НЧ
разработка веб приложения цена	/uslugi/veb-prilozheniya/	commercial	price	4	СЧ
разработка веб приложения цена москва	/uslugi/veb-prilozheniya/	commercial	geo	5	НЧ
разработка онлайн сервиса	/uslugi/veb-prilozheniya/	commercial	base	3	ВЧ
разработка онлайн сервиса на заказ	/uslugi/veb-prilozheniya/	commercial	order	5	НЧ
разработка онлайн сервиса стоимость	/uslugi/veb-prilozheniya/	commercial	price	4	СЧ
разработка онлайн сервиса цена	/uslugi/veb-prilozheniya/	commercial	price	4	СЧ
сколько стоит разработка веб приложения	/uslugi/veb-prilozheniya/	commercial	price	5	НЧ
создание веб приложения	/uslugi/veb-prilozheniya/	commercial	base	3	ВЧ
создание веб приложения в москве	/uslugi/veb-prilozheniya/	commercial	geo	5	НЧ
создание веб приложения москва	/uslugi/veb-prilozheniya/	commercial	geo	4	СЧ
создание веб приложения на заказ	/uslugi/veb-prilozheniya/	commercial	order	5	НЧ
создание веб приложения стоимость	/uslugi/veb-prilozheniya/	commercial	price	4	СЧ
создание веб приложения цена	/uslugi/veb-prilozheniya/	commercial	price	4	СЧ
создание веб приложения цена москва	/uslugi/veb-prilozheniya/	commercial	geo	5	НЧ
web приложение разработка	/uslugi/veb-prilozheniya/	commercial	base	3	ВЧ
web приложение разработка на заказ	/uslugi/veb-prilozheniya/	commercial	order	5	НЧ
web приложение разработка стоимость	/uslugi/veb-prilozheniya/	commercial	price	4	СЧ
web приложение разработка цена	/uslugi/veb-prilozheniya/	commercial	price	4	СЧ
внутренняя админка разработка	/uslugi/veb-prilozheniya/admin-panel/	commercial	base	3	ВЧ
внутренняя админка разработка на заказ	/uslugi/veb-prilozheniya/admin-panel/	commercial	order	5	НЧ
внутренняя админка разработка стоимость	/uslugi/veb-prilozheniya/admin-panel/	commercial	price	4	СЧ
внутренняя админка разработка цена	/uslugi/veb-prilozheniya/admin-panel/	commercial	price	4	СЧ
заказать админ панель	/uslugi/veb-prilozheniya/admin-panel/	commercial	order	3	ВЧ
заказать админ панель недорого	/uslugi/veb-prilozheniya/admin-panel/	commercial	order	4	СЧ
панель управления сайтом разработка	/uslugi/veb-prilozheniya/admin-panel/	commercial	base	4	СЧ
панель управления сайтом разработка на заказ	/uslugi/veb-prilozheniya/admin-panel/	commercial	order	6	НЧ
панель управления сайтом разработка стоимость	/uslugi/veb-prilozheniya/admin-panel/	commercial	price	5	НЧ
панель управления сайтом разработка цена	/uslugi/veb-prilozheniya/admin-panel/	commercial	price	5	НЧ
разработка админ панели	/uslugi/veb-prilozheniya/admin-panel/	commercial	base	3	ВЧ
разработка админ панели агентство	/uslugi/veb-prilozheniya/admin-panel/	commercial	vendor	4	НЧ
разработка админ панели компания	/uslugi/veb-prilozheniya/admin-panel/	commercial	vendor	4	НЧ
разработка админ панели на заказ	/uslugi/veb-prilozheniya/admin-panel/	commercial	order	5	НЧ
разработка админ панели недорого	/uslugi/veb-prilozheniya/admin-panel/	commercial	price	4	СЧ
разработка админ панели отзывы	/uslugi/veb-prilozheniya/admin-panel/	commercial	vendor	4	НЧ
разработка админ панели под ключ	/uslugi/veb-prilozheniya/admin-panel/	commercial	base	5	НЧ
разработка админ панели срочно	/uslugi/veb-prilozheniya/admin-panel/	commercial	order	4	СЧ
разработка админ панели стоимость	/uslugi/veb-prilozheniya/admin-panel/	commercial	price	4	СЧ
разработка админ панели студия	/uslugi/veb-prilozheniya/admin-panel/	commercial	vendor	4	НЧ
разработка админ панели цена	/uslugi/veb-prilozheniya/admin-panel/	commercial	price	4	СЧ
сколько стоит разработка админ панели	/uslugi/veb-prilozheniya/admin-panel/	commercial	price	5	НЧ
создание админки для сайта	/uslugi/veb-prilozheniya/admin-panel/	commercial	base	4	СЧ
создание админки для сайта на заказ	/uslugi/veb-prilozheniya/admin-panel/	commercial	order	6	НЧ
создание админки для сайта стоимость	/uslugi/veb-prilozheniya/admin-panel/	commercial	price	5	НЧ
создание админки для сайта цена	/uslugi/veb-prilozheniya/admin-panel/	commercial	price	5	НЧ
заказать crm систему	/uslugi/veb-prilozheniya/crm-sistema/	commercial	order	3	ВЧ
заказать crm систему недорого	/uslugi/veb-prilozheniya/crm-sistema/	commercial	order	4	СЧ
разработка crm системы	/uslugi/veb-prilozheniya/crm-sistema/	commercial	base	3	ВЧ
разработка crm системы агентство	/uslugi/veb-prilozheniya/crm-sistema/	commercial	vendor	4	НЧ
разработка crm системы компания	/uslugi/veb-prilozheniya/crm-sistema/	commercial	vendor	4	НЧ
разработка crm системы на заказ	/uslugi/veb-prilozheniya/crm-sistema/	commercial	order	5	НЧ
разработка crm системы недорого	/uslugi/veb-prilozheniya/crm-sistema/	commercial	price	4	СЧ
разработка crm системы отзывы	/uslugi/veb-prilozheniya/crm-sistema/	commercial	vendor	4	НЧ
разработка crm системы под ключ	/uslugi/veb-prilozheniya/crm-sistema/	commercial	base	5	НЧ
разработка crm системы срочно	/uslugi/veb-prilozheniya/crm-sistema/	commercial	order	4	СЧ
разработка crm системы стоимость	/uslugi/veb-prilozheniya/crm-sistema/	commercial	price	4	СЧ
разработка crm системы студия	/uslugi/veb-prilozheniya/crm-sistema/	commercial	vendor	4	НЧ
разработка crm системы цена	/uslugi/veb-prilozheniya/crm-sistema/	commercial	price	4	СЧ
самописная crm разработка	/uslugi/veb-prilozheniya/crm-sistema/	commercial	base	3	ВЧ
самописная crm разработка на заказ	/uslugi/veb-prilozheniya/crm-sistema/	commercial	order	5	НЧ
самописная crm разработка стоимость	/uslugi/veb-prilozheniya/crm-sistema/	commercial	price	4	СЧ
самописная crm разработка цена	/uslugi/veb-prilozheniya/crm-sistema/	commercial	price	4	СЧ
своя crm вместо коробочной	/uslugi/veb-prilozheniya/crm-sistema/	commercial	base	4	СЧ
своя crm вместо коробочной на заказ	/uslugi/veb-prilozheniya/crm-sistema/	commercial	order	6	НЧ
своя crm вместо коробочной стоимость	/uslugi/veb-prilozheniya/crm-sistema/	commercial	price	5	НЧ
своя crm вместо коробочной цена	/uslugi/veb-prilozheniya/crm-sistema/	commercial	price	5	НЧ
сколько стоит разработка crm системы	/uslugi/veb-prilozheniya/crm-sistema/	commercial	price	5	НЧ
создание crm	/uslugi/veb-prilozheniya/crm-sistema/	commercial	base	2	ВЧ
создание crm на заказ	/uslugi/veb-prilozheniya/crm-sistema/	commercial	order	4	СЧ
создание crm стоимость	/uslugi/veb-prilozheniya/crm-sistema/	commercial	price	3	СЧ
создание crm цена	/uslugi/veb-prilozheniya/crm-sistema/	commercial	price	3	СЧ
crm на заказ	/uslugi/veb-prilozheniya/crm-sistema/	commercial	base	3	ВЧ
crm на заказ стоимость	/uslugi/veb-prilozheniya/crm-sistema/	commercial	price	4	СЧ
crm на заказ цена	/uslugi/veb-prilozheniya/crm-sistema/	commercial	price	4	СЧ
crm под ключ	/uslugi/veb-prilozheniya/crm-sistema/	commercial	base	3	ВЧ
crm под ключ на заказ	/uslugi/veb-prilozheniya/crm-sistema/	commercial	order	5	НЧ
crm под ключ стоимость	/uslugi/veb-prilozheniya/crm-sistema/	commercial	price	4	СЧ
crm под ключ цена	/uslugi/veb-prilozheniya/crm-sistema/	commercial	price	4	СЧ
внутренняя система управления разработка	/uslugi/veb-prilozheniya/erp-sistema/	commercial	base	4	СЧ
внутренняя система управления разработка на заказ	/uslugi/veb-prilozheniya/erp-sistema/	commercial	order	6	НЧ
внутренняя система управления разработка стоимость	/uslugi/veb-prilozheniya/erp-sistema/	commercial	price	5	НЧ
внутренняя система управления разработка цена	/uslugi/veb-prilozheniya/erp-sistema/	commercial	price	5	НЧ
заказать erp систему	/uslugi/veb-prilozheniya/erp-sistema/	commercial	order	3	ВЧ
заказать erp систему недорого	/uslugi/veb-prilozheniya/erp-sistema/	commercial	order	4	СЧ
разработка системы складского учета	/uslugi/veb-prilozheniya/erp-sistema/	commercial	base	4	СЧ
разработка системы складского учета на заказ	/uslugi/veb-prilozheniya/erp-sistema/	commercial	order	6	НЧ
разработка системы складского учета стоимость	/uslugi/veb-prilozheniya/erp-sistema/	commercial	price	5	НЧ
разработка системы складского учета цена	/uslugi/veb-prilozheniya/erp-sistema/	commercial	price	5	НЧ
разработка erp системы	/uslugi/veb-prilozheniya/erp-sistema/	commercial	base	3	ВЧ
разработка erp системы агентство	/uslugi/veb-prilozheniya/erp-sistema/	commercial	vendor	4	НЧ
разработка erp системы компания	/uslugi/veb-prilozheniya/erp-sistema/	commercial	vendor	4	НЧ
разработка erp системы на заказ	/uslugi/veb-prilozheniya/erp-sistema/	commercial	order	5	НЧ
разработка erp системы недорого	/uslugi/veb-prilozheniya/erp-sistema/	commercial	price	4	СЧ
разработка erp системы отзывы	/uslugi/veb-prilozheniya/erp-sistema/	commercial	vendor	4	НЧ
разработка erp системы под ключ	/uslugi/veb-prilozheniya/erp-sistema/	commercial	base	5	НЧ
разработка erp системы срочно	/uslugi/veb-prilozheniya/erp-sistema/	commercial	order	4	СЧ
разработка erp системы стоимость	/uslugi/veb-prilozheniya/erp-sistema/	commercial	price	4	СЧ
разработка erp системы студия	/uslugi/veb-prilozheniya/erp-sistema/	commercial	vendor	4	НЧ
разработка erp системы цена	/uslugi/veb-prilozheniya/erp-sistema/	commercial	price	4	СЧ
система учета на заказ	/uslugi/veb-prilozheniya/erp-sistema/	commercial	base	4	СЧ
система учета на заказ стоимость	/uslugi/veb-prilozheniya/erp-sistema/	commercial	price	5	НЧ
система учета на заказ цена	/uslugi/veb-prilozheniya/erp-sistema/	commercial	price	5	НЧ
сколько стоит разработка erp системы	/uslugi/veb-prilozheniya/erp-sistema/	commercial	price	5	НЧ
заказать личный кабинет	/uslugi/veb-prilozheniya/lichnyj-kabinet/	commercial	order	3	ВЧ
заказать личный кабинет недорого	/uslugi/veb-prilozheniya/lichnyj-kabinet/	commercial	order	4	СЧ
кабинет пользователя на сайте	/uslugi/veb-prilozheniya/lichnyj-kabinet/	commercial	base	4	СЧ
кабинет пользователя на сайте на заказ	/uslugi/veb-prilozheniya/lichnyj-kabinet/	commercial	order	6	НЧ
кабинет пользователя на сайте стоимость	/uslugi/veb-prilozheniya/lichnyj-kabinet/	commercial	price	5	НЧ
кабинет пользователя на сайте цена	/uslugi/veb-prilozheniya/lichnyj-kabinet/	commercial	price	5	НЧ
личный кабинет клиента разработка	/uslugi/veb-prilozheniya/lichnyj-kabinet/	commercial	base	4	СЧ
личный кабинет клиента разработка на заказ	/uslugi/veb-prilozheniya/lichnyj-kabinet/	commercial	order	6	НЧ
личный кабинет клиента разработка стоимость	/uslugi/veb-prilozheniya/lichnyj-kabinet/	commercial	price	5	НЧ
личный кабинет клиента разработка цена	/uslugi/veb-prilozheniya/lichnyj-kabinet/	commercial	price	5	НЧ
личный кабинет на сайте разработка	/uslugi/veb-prilozheniya/lichnyj-kabinet/	commercial	base	5	НЧ
личный кабинет на сайте разработка на заказ	/uslugi/veb-prilozheniya/lichnyj-kabinet/	commercial	order	7	НЧ
личный кабинет на сайте разработка стоимость	/uslugi/veb-prilozheniya/lichnyj-kabinet/	commercial	price	6	НЧ
личный кабинет на сайте разработка цена	/uslugi/veb-prilozheniya/lichnyj-kabinet/	commercial	price	6	НЧ
разработка личного кабинета	/uslugi/veb-prilozheniya/lichnyj-kabinet/	commercial	base	3	ВЧ
разработка личного кабинета агентство	/uslugi/veb-prilozheniya/lichnyj-kabinet/	commercial	vendor	4	НЧ
разработка личного кабинета компания	/uslugi/veb-prilozheniya/lichnyj-kabinet/	commercial	vendor	4	НЧ
разработка личного кабинета на заказ	/uslugi/veb-prilozheniya/lichnyj-kabinet/	commercial	order	5	НЧ
разработка личного кабинета недорого	/uslugi/veb-prilozheniya/lichnyj-kabinet/	commercial	price	4	СЧ
разработка личного кабинета отзывы	/uslugi/veb-prilozheniya/lichnyj-kabinet/	commercial	vendor	4	НЧ
разработка личного кабинета под ключ	/uslugi/veb-prilozheniya/lichnyj-kabinet/	commercial	base	5	НЧ
разработка личного кабинета срочно	/uslugi/veb-prilozheniya/lichnyj-kabinet/	commercial	order	4	СЧ
разработка личного кабинета стоимость	/uslugi/veb-prilozheniya/lichnyj-kabinet/	commercial	price	4	СЧ
разработка личного кабинета студия	/uslugi/veb-prilozheniya/lichnyj-kabinet/	commercial	vendor	4	НЧ
разработка личного кабинета цена	/uslugi/veb-prilozheniya/lichnyj-kabinet/	commercial	price	4	СЧ
сколько стоит разработка личного кабинета	/uslugi/veb-prilozheniya/lichnyj-kabinet/	commercial	price	5	НЧ
создание личного кабинета	/uslugi/veb-prilozheniya/lichnyj-kabinet/	commercial	base	3	ВЧ
создание личного кабинета на заказ	/uslugi/veb-prilozheniya/lichnyj-kabinet/	commercial	order	5	НЧ
создание личного кабинета стоимость	/uslugi/veb-prilozheniya/lichnyj-kabinet/	commercial	price	4	СЧ
создание личного кабинета цена	/uslugi/veb-prilozheniya/lichnyj-kabinet/	commercial	price	4	СЧ
заказать saas сервис	/uslugi/veb-prilozheniya/saas-servis/	commercial	order	3	ВЧ
заказать saas сервис недорого	/uslugi/veb-prilozheniya/saas-servis/	commercial	order	4	СЧ
облачный сервис разработка	/uslugi/veb-prilozheniya/saas-servis/	commercial	base	3	ВЧ
облачный сервис разработка на заказ	/uslugi/veb-prilozheniya/saas-servis/	commercial	order	5	НЧ
облачный сервис разработка стоимость	/uslugi/veb-prilozheniya/saas-servis/	commercial	price	4	СЧ
облачный сервис разработка цена	/uslugi/veb-prilozheniya/saas-servis/	commercial	price	4	СЧ
разработка сервиса по подписке	/uslugi/veb-prilozheniya/saas-servis/	commercial	base	4	СЧ
разработка сервиса по подписке на заказ	/uslugi/veb-prilozheniya/saas-servis/	commercial	order	6	НЧ
разработка сервиса по подписке стоимость	/uslugi/veb-prilozheniya/saas-servis/	commercial	price	5	НЧ
разработка сервиса по подписке цена	/uslugi/veb-prilozheniya/saas-servis/	commercial	price	5	НЧ
разработка saas сервиса	/uslugi/veb-prilozheniya/saas-servis/	commercial	base	3	ВЧ
разработка saas сервиса агентство	/uslugi/veb-prilozheniya/saas-servis/	commercial	vendor	4	НЧ
разработка saas сервиса компания	/uslugi/veb-prilozheniya/saas-servis/	commercial	vendor	4	НЧ
разработка saas сервиса на заказ	/uslugi/veb-prilozheniya/saas-servis/	commercial	order	5	НЧ
разработка saas сервиса недорого	/uslugi/veb-prilozheniya/saas-servis/	commercial	price	4	СЧ
разработка saas сервиса отзывы	/uslugi/veb-prilozheniya/saas-servis/	commercial	vendor	4	НЧ
разработка saas сервиса под ключ	/uslugi/veb-prilozheniya/saas-servis/	commercial	base	5	НЧ
разработка saas сервиса срочно	/uslugi/veb-prilozheniya/saas-servis/	commercial	order	4	СЧ
разработка saas сервиса стоимость	/uslugi/veb-prilozheniya/saas-servis/	commercial	price	4	СЧ
разработка saas сервиса студия	/uslugi/veb-prilozheniya/saas-servis/	commercial	vendor	4	НЧ
разработка saas сервиса цена	/uslugi/veb-prilozheniya/saas-servis/	commercial	price	4	СЧ
сколько стоит разработка saas сервиса	/uslugi/veb-prilozheniya/saas-servis/	commercial	price	5	НЧ
saas платформа разработка	/uslugi/veb-prilozheniya/saas-servis/	commercial	base	3	ВЧ
saas платформа разработка на заказ	/uslugi/veb-prilozheniya/saas-servis/	commercial	order	5	НЧ
saas платформа разработка стоимость	/uslugi/veb-prilozheniya/saas-servis/	commercial	price	4	СЧ
saas платформа разработка цена	/uslugi/veb-prilozheniya/saas-servis/	commercial	price	4	СЧ
аренда команды разработки	/uslugi/vydelennaya-komanda/	commercial	base	3	ВЧ
аренда команды разработки на заказ	/uslugi/vydelennaya-komanda/	commercial	order	5	НЧ
аренда команды разработки стоимость	/uslugi/vydelennaya-komanda/	commercial	price	4	СЧ
аренда команды разработки цена	/uslugi/vydelennaya-komanda/	commercial	price	4	СЧ
аутсорс разработки	/uslugi/vydelennaya-komanda/	commercial	base	2	ВЧ
аутсорс разработки на заказ	/uslugi/vydelennaya-komanda/	commercial	order	4	СЧ
аутсорс разработки стоимость	/uslugi/vydelennaya-komanda/	commercial	price	3	СЧ
аутсорс разработки цена	/uslugi/vydelennaya-komanda/	commercial	price	3	СЧ
аутстаффинг разработчиков	/uslugi/vydelennaya-komanda/	commercial	base	2	ВЧ
аутстаффинг разработчиков стоимость	/uslugi/vydelennaya-komanda/	commercial	price	3	СЧ
аутстаффинг разработчиков цена	/uslugi/vydelennaya-komanda/	commercial	price	3	СЧ
выделенная команда разработки	/uslugi/vydelennaya-komanda/	commercial	base	3	ВЧ
выделенная команда разработки агентство	/uslugi/vydelennaya-komanda/	commercial	vendor	4	НЧ
выделенная команда разработки компания	/uslugi/vydelennaya-komanda/	commercial	vendor	4	НЧ
выделенная команда разработки на заказ	/uslugi/vydelennaya-komanda/	commercial	order	5	НЧ
выделенная команда разработки недорого	/uslugi/vydelennaya-komanda/	commercial	price	4	СЧ
выделенная команда разработки отзывы	/uslugi/vydelennaya-komanda/	commercial	vendor	4	НЧ
выделенная команда разработки под ключ	/uslugi/vydelennaya-komanda/	commercial	base	5	НЧ
выделенная команда разработки срочно	/uslugi/vydelennaya-komanda/	commercial	order	4	СЧ
выделенная команда разработки стоимость	/uslugi/vydelennaya-komanda/	commercial	price	4	СЧ
выделенная команда разработки студия	/uslugi/vydelennaya-komanda/	commercial	vendor	4	НЧ
выделенная команда разработки цена	/uslugi/vydelennaya-komanda/	commercial	price	4	СЧ
заказать выделенную команду	/uslugi/vydelennaya-komanda/	commercial	order	3	ВЧ
заказать выделенную команду недорого	/uslugi/vydelennaya-komanda/	commercial	order	4	СЧ
нанять команду разработчиков на проект	/uslugi/vydelennaya-komanda/	commercial	base	5	НЧ
нанять команду разработчиков на проект стоимость	/uslugi/vydelennaya-komanda/	commercial	price	6	НЧ
нанять команду разработчиков на проект цена	/uslugi/vydelennaya-komanda/	commercial	price	6	НЧ
сколько стоит выделенная команда разработки	/uslugi/vydelennaya-komanda/	commercial	price	5	НЧ
вопросы о разработке сайтов	/voprosy/	hub	base	4	СЧ
частые вопросы по разработке сайта	/voprosy/	hub	base	5	НЧ
что нужно знать перед заказом сайта	/voprosy/	hub	base	6	НЧ
варианты интеграции 1с с интернет магазином	/voprosy/kak-integrirovat-1c/	informational	question	6	НЧ
как интегрировать 1с с сайтом	/voprosy/kak-integrirovat-1c/	informational	question	5	НЧ
как настроить обмен 1с и сайта	/voprosy/kak-integrirovat-1c/	informational	question	6	НЧ
какие данные передаются из 1с на сайт	/voprosy/kak-integrirovat-1c/	informational	question	7	НЧ
как понять что сайт написан плохо	/voprosy/kak-proverit-kachestvo-koda/	informational	question	6	НЧ
как проверить качество кода сайта	/voprosy/kak-proverit-kachestvo-koda/	informational	question	5	НЧ
как проверить работу разработчика	/voprosy/kak-proverit-kachestvo-koda/	informational	question	4	НЧ
признаки плохого кода на сайте	/voprosy/kak-proverit-kachestvo-koda/	informational	question	5	НЧ
как улучшить показатели pagespeed	/voprosy/kak-uskorit-sajt/	informational	question	4	НЧ
как ускорить загрузку сайта	/voprosy/kak-uskorit-sajt/	informational	question	4	НЧ
почему сайт медленно загружается	/voprosy/kak-uskorit-sajt/	informational	question	4	НЧ
что влияет на скорость сайта	/voprosy/kak-uskorit-sajt/	informational	question	5	НЧ
как выбрать веб студию	/voprosy/kak-vybrat-podryadchika/	informational	question	4	НЧ
как выбрать подрядчика для разработки сайта	/voprosy/kak-vybrat-podryadchika/	informational	question	6	НЧ
критерии выбора подрядчика на сайт	/voprosy/kak-vybrat-podryadchika/	informational	question	5	НЧ
на что смотреть при выборе разработчика сайта	/voprosy/kak-vybrat-podryadchika/	informational	question	7	НЧ
когда нужен сайт на своем движке	/voprosy/konstruktor-ili-razrabotka/	informational	question	6	НЧ
конструктор или разработка сайта	/voprosy/konstruktor-ili-razrabotka/	informational	question	4	НЧ
тильда или свой сайт	/voprosy/konstruktor-ili-razrabotka/	informational	question	4	НЧ
чем плох конструктор сайтов	/voprosy/konstruktor-ili-razrabotka/	informational	question	4	НЧ
когда достаточно лендинга	/voprosy/lending-ili-sajt/	informational	question	3	НЧ
лендинг или многостраничный сайт	/voprosy/lending-ili-sajt/	informational	question	4	НЧ
чем отличается лендинг от сайта	/voprosy/lending-ili-sajt/	informational	question	5	НЧ
что выбрать лендинг или корпоративный сайт	/voprosy/lending-ili-sajt/	informational	question	6	НЧ
должен ли подрядчик отдавать исходный код	/voprosy/peredacha-ishodnogo-koda/	informational	question	6	НЧ
как забрать исходники сайта у разработчика	/voprosy/peredacha-ishodnogo-koda/	informational	question	6	НЧ
кому принадлежит код сайта	/voprosy/peredacha-ishodnogo-koda/	informational	question	4	НЧ
передача исходного кода сайта	/voprosy/peredacha-ishodnogo-koda/	informational	question	4	НЧ
как забрать сайт у разработчика	/voprosy/razrabotchik-propal/	informational	question	5	НЧ
подрядчик не выходит на связь сайт	/voprosy/razrabotchik-propal/	informational	question	6	НЧ
разработчик пропал что делать	/voprosy/razrabotchik-propal/	informational	question	4	НЧ
фрилансер бросил проект что делать	/voprosy/razrabotchik-propal/	informational	question	5	НЧ
за сколько можно сделать сайт	/voprosy/sroki-razrabotki/	informational	question	5	НЧ
почему разработка сайта долго	/voprosy/sroki-razrabotki/	informational	question	4	НЧ
сколько времени занимает разработка сайта	/voprosy/sroki-razrabotki/	informational	question	5	НЧ
сроки создания сайта	/voprosy/sroki-razrabotki/	informational	question	3	НЧ
кому заказать сайт студии или фрилансеру	/voprosy/studiya-ili-frilanser/	informational	question	6	НЧ
риски работы с фрилансером над сайтом	/voprosy/studiya-ili-frilanser/	informational	question	6	НЧ
студия или фрилансер	/voprosy/studiya-ili-frilanser/	informational	question	3	НЧ
чем студия лучше фрилансера	/voprosy/studiya-ili-frilanser/	informational	question	4	НЧ
как составить тз на сайт	/voprosy/tehnicheskoe-zadanie/	informational	question	5	НЧ
структура тз на разработку сайта	/voprosy/tehnicheskoe-zadanie/	informational	question	5	НЧ
техническое задание на разработку сайта	/voprosy/tehnicheskoe-zadanie/	informational	question	5	НЧ
что должно быть в тз на сайт	/voprosy/tehnicheskoe-zadanie/	informational	question	7	НЧ
